"formName","defaultLang","language","contactTitle","name","countryOrRegionTitle","countryOrRegion","phoneTitle","phone","displayPhone","globalPhone","displayGlobalPhone","international","webpageTitle","displayWebpage","webpageUrl","addressTitle","address","informationTitle","information"
"FAC_7","en","en","Contact Us","FANUC America","Country or Region","U.S.A","Phone","8883268287","888-326-8287","+18883268287","+1-888-326-8287","International","Web page","https://www.fanucamerica.com","https://www.fanucamerica.com","Address","3900 West Hamlin Rd.Rochester Hills, Michigan 48309-3253","Information","Telephone inquries are welcome at +1-888-326-8287"
"FAC_11","en","en","Contact Us","METHODS","Country or Region","U.S.A","Phone","9782741000","978-274-1000","+19782741000","+1-978-274-1000","International","Web page","https://www.methodsmachine.com","https://www.methodsmachine.com","Address","64 UNION AVE, SUDBURY, MA  01776","Information",""
"FAC_12","en","en","Contact Us","MILACRON","Country or Region","U.S.A","Phone","8002888306","800-288-8306","+18002888306","+1-800-288-8306","International","Web page","https://www.milacron.com","https://www.milacron.com","Address","4165 HALF ACRE ROAD, BATAVIA, OH  45103","Information",""
"FAC_15","en","en","Contact Us","FANUC America","Country or Region","Canada","Phone","8883268287","888-326-8287","+18883268287","+1-888-326-8287","International","Web page","https://www.fanucamerica.com","https://www.fanucamerica.com","Address","6774-A Financial Drive Mississauga, Ontario L5N 7J6","Information","Telephone inquries are welcome at +1-888-326-8287"
"FAC_17","en","en","Contact Us","FANUC Canada","Country or Region","Canada","Phone","9058122300","905-812-2300","+19058122300","+1-905-812-2300","International","Web page","https://www.fanucamerica.com","https://www.fanucamerica.com","Address","6774 Financial Drive Mississauga, Ontario L5N 7J6","Information","Telephone inquries are welcome at +1-905-812-2300"
"FAC_19","en","en","Contact Us","METHODS/ELLIOTT","Country or Region","Canada","Phone","9058292211","905-829-2211","+19058292211","+1-905-829-2211","International","Web page","https://methodsmachine.com","https://methodsmachine.com","Address","2120 Buckingham Road, Oakville, ON, L6H 5X2","Information",""
"FMS_31","en","es","Contáctenos","FANUC México - Aguascalientes","País o Región","México","Teléfono","04499228000","0449-922-8000","+524499228000","+52-449-922-8000","Internacional","Página WEB","","","Dirección","Circuito Aguascalientes Norte 136, San Francisco de los Romo, Aguascalientes, México","Información","+52-449-922-8000 horarios de oficina 8 am a 6 pm entre semana y +52-800-017-6268 unicamente emergencias fuera de horario de oficina"
"FMS_31","en","en","Contact Us","FANUC México - Aguascalientes","Country or Region","Mexico","Phone","04499228000","0449-922-8000","+524499228000","+52-449-922-8000","International","Web page","","","Address","Circuito Aguascalientes Norte 136, San Francisco de los Romo, Aguascalientes, Mexico","Information","+52-449-922-8000 from 8 am to 6 pm on weekdays and +52-800-017-6268 for emergencies only out of office hours"
"FSO_95","en","pt","Contacte-nos","FANUC South America - São paulo","País ou Região","Brasil","Telefone","01139528888","011-3952-8888","+551139528888","+55-11-3952-8888","Internacional","Web page","https://www.fanucamerica.com","https://www.fanucamerica.com","Endereço","Av. Embaixador Macedo Soares, 10001 Predio 6 Espaço 1 (Condominio e-Business Park) Vila Anastácio - São Paulo - SP - Brasil","Informação","Suporte Telefônico 24x7"
"FSO_95","en","en","Contact Us","FANUC South America - Sao Paulo","Country or Region","Brazil","Phone","01139528888","011-3952-8888","+551139528888","+55-11-3952-8888","International","Web page","https://www.fanucamerica.com","https://www.fanucamerica.com","Address","Av. Embaixador Macedo Soares, 10001 Predio 6  Espaco 1 (Condominio e-Business Park) Vila Anastacio - São Paulo - SP – Brasil","Information","Hotline 24x7"
"FSO_97","en","en","Contact Us","FANUC South America - Sao Paulo","Country or Region","Brazil","Phone","01136190599","011-3619-0599","+551136190599","+55-11-3619-0599","International","Web page","https://www.fanucamerica.com","https://www.fanucamerica.com","Address","Av. Embaixador Macedo Soares, 10001 Predio 6  Espaco 1 (Condominio e-Business Park) Vila Anastacio - São Paulo - SP – Brasil","Information","Hotline 24x7"
"FSO_97","en","pt","Contacte-nos","FANUC South America - São paulo","País ou Região","Brasil","Telefone","01136190599","011-3619-0599","+551136190599","+55-11-3619-0599","Internacional","Web page","https://www.fanucamerica.com","https://www.fanucamerica.com","Endereço","Av. Embaixador Macedo Soares, 10001 Predio 6 Espaço 1 (Condominio e-Business Park) Vila Anastácio - São Paulo - SP - Brasil","Informação","Suporte Telefônico 24x7"
"FSO_100","en","en","Contact Us","MILACRON - Campinas","Country or Region","Brazil","Phone","01935184040","019-3518-4040","+551935184040","+55-19-3518-4040","International","Web page","https://www.milacron.com","https://www.milacron.com","Address","R. James Clerk Maxwel, 280 - Techno Park, Campinas - SP","Information",""
"FSO_103","en","en","Contact Us","FANUC South America - Buenos Aires","Country or Region","Argentine","Phone","01149428504","011-4942-8504","+541149428504","+54-11-4942-8504","International","Web page","https://www.fanucamerica.com","https://www.fanucamerica.com","Address","Avenida Juan de Garay 2338, C1256AAS Buenos Aires, Argentina","Information",""
"FSO_103","en","pt","Contacte-nos","FANUC South America - Buenos Aires","País ou Região","Argentina","Telefone","01149428504","011-4942-8504","+541149428504","+54-11-4942-8504","Internacional","Web page","https://www.fanucamerica.com","https://www.fanucamerica.com","Endereço","Avenida Juan de Garay 2338, C1256AAS Buenos Aires, Argentina","Informação",""
"FDE_207","en","en","Contact Us","FANUC Deutschland","Country or Region","Germany","Phone","0715812825555","07158-1282-5555","+49715812825555","+49-7158-1282-5555","International","Web page","https://www.fanuc.eu/de/de","https://www.fanuc.eu/de/de","Address","Bernhäuserstr.36, 73765 Neuhausen a.d.F., Germany","Information",""
"FDE_207","en","de","Kontaktieren Sie uns","FANUC Deutschland","Land oder Region","Germany","Telefon","0715812825555","07158-1282-5555","+49715812825555","+49-7158-1282-5555","International","Web-Seite","https://www.fanuc.eu/de/de","https://www.fanuc.eu/de/de","Adresse","Bernhäuserstr.36, 73765 Neuhausen a.d.F., Germany","Information",""
"FFR_213","en","fr","Contactez-nous","FANUC FRANCE","Pays ou région","France","Téléphone","0172073051","01-72-07-30-51","+33172073051","+33-1-72-07-30-51","International","Page web","https://www.fanuc.eu/fr/fr","https://www.fanuc.eu/fr/fr","Adresse","15 Rue Léonard de Vinci 91090 LISSES - FRANCE","Informations","Les bureaux sont ouverts de 8h30 à 17h30 du lundi au vendredi"
"FFR_213","en","en","Contact Us","FANUC FRANCE","Country or Region","France","Phone","0172073051","01-72-07-30-51","+33172073051","+33-1-72-07-30-51","International","Web page","https://www.fanuc.eu/fr/fr","https://www.fanuc.eu/fr/fr","Address","15 Rue Léonard de Vinci 91090 LISSES - FRANCE","Information","Office is open from 8:30 am to 5:30 pm. Monday to Friday"
"FFR_215","en","en","Contact Us","FANUC FRANCE","Country or Region","France","Phone","0172073050","01-72-07-30-50","+33172073050","+33-1-72-07-30-50","International","Web page","https://www.fanuc.eu/fr/fr","https://www.fanuc.eu/fr/fr","Address","15 Rue Léonard de Vinci 91090 LISSES - FRANCE","Information","Office is open from 8:30 am to 5:30 pm. Monday to Friday"
"FFR_215","en","fr","Contactez-nous","FANUC FRANCE","Pays ou région","France","Téléphone","0172073050","01-72-07-30-50","+33172073050","+33-1-72-07-30-50","International","Page web","https://www.fanuc.eu/fr/fr","https://www.fanuc.eu/fr/fr","Adresse","15 Rue Léonard de Vinci 91090 LISSES - FRANCE","Informations","Les bureaux sont ouverts de 8h30 à 17h30 du lundi au vendredi"
"FFR_217","en","fr","Contactez-nous","FANUC FRANCE","Pays ou région","France","Téléphone","0172073052","01-72-07-30-52","+33172073052","+33-1-72-07-30-52","International","Page web","https://www.fanuc.eu/fr/fr","https://www.fanuc.eu/fr/fr","Adresse","628 Avenue des Amaranches 74460 MARNAZ - FRANCE","Informations","Les bureaux sont ouverts de 8h30 à 17h30 du lundi au vendredi"
"FFR_217","en","en","Contact Us","FANUC FRANCE","Country or Region","France","Phone","0172073052","01-72-07-30-52","+33172073052","+33-1-72-07-30-52","International","Web page","https://www.fanuc.eu/fr/fr","https://www.fanuc.eu/fr/fr","Address","628 Avenue des Amaranches 74460 MARNAZ - FRANCE","Information","Office is open from 8:30 am to 5:30 pm. Monday to Friday"
"FFR_218","en","fr","Contactez-nous","FANUC FRANCE","Pays ou région","France","Téléphone","0172073053","01-72-07-30-53","+33172073053","+33-1-72-07-30-53","International","Page web","https://www.fanuc.eu/fr/fr","https://www.fanuc.eu/fr/fr","Adresse","15 Rue Léonard de Vinci 91090 LISSES - FRANCE","Informations","Les bureaux sont ouverts de 8h30 à 17h30 du lundi au vendredi"
"FFR_218","en","en","Contact Us","FANUC FRANCE","Country or Region","France","Phone","0172073053","01-72-07-30-53","+33172073053","+33-1-72-07-30-53","International","Web page","https://www.fanuc.eu/fr/fr","https://www.fanuc.eu/fr/fr","Address","15 Rue Léonard de Vinci 91090 LISSES - FRANCE","Information","Office is open from 8:30 am to 5:30 pm. Monday to Friday"
"FIB_219","en","en","Contact Us","FANUC Iberia","Country or Region","SPAIN","Phone","0938007497","093-800-7497","+34938007497","+34-93-800-7497","International","Web page","http://www.fanuc.es","http://www.fanuc.es","Address","P.l. El Camí Ral, Ronda Can Rabadà n° 23, nave 1, 08860 Castelldefels (Barcelona)","Information",""
"FIB_219","en","es","Contáctenos","FANUC Iberia","País o Región","SPAIN","Teléfono","0938007497","093-800-7497","+34938007497","+34-93-800-7497","Internacional","Página WEB","http://www.fanuc.es","http://www.fanuc.es","Dirección","P.l. El Camí Ral, Ronda Can Rabadà n° 23, nave 1, 08860 Castelldefels (Barcelona)","Información",""
"FIB_219","en","fr","Contactez-nous","FANUC Iberia","Pays ou région","SPAIN","Téléphone","0938007497","093-800-7497","+34938007497","+34-93-800-7497","International","Page web","http://www.fanuc.es","http://www.fanuc.es","Adresse","P.l. El Camí Ral, Ronda Can Rabadà n° 23, nave 1, 08860 Castelldefels (Barcelona)","Informations",""
"FIB_219","en","pt","Contacte-nos","FANUC Iberia","País ou Região","SPAIN","Telefone","0938007497","093-800-7497","+34938007497","+34-93-800-7497","Internacional","Web page","http://www.fanuc.es","http://www.fanuc.es","Endereço","P.l. El Camí Ral, Ronda Can Rabadà n° 23, nave 1, 08860 Castelldefels (Barcelona)","Informação",""
"FIB_221","en","es","Contáctenos","FANUC Iberia","País o Región","SPAIN","Teléfono","0938007499","093-800-7499","+34938007499","+34-93-800-7499","Internacional","Página WEB","http://www.fanuc.es","http://www.fanuc.es","Dirección","P.l. El Camí Ral, Ronda Can Rabadà n° 23, nave 1, 08860 Castelldefels (Barcelona)","Información",""
"FIB_221","en","en","Contact Us","FANUC Iberia","Country or Region","SPAIN","Phone","0938007499","093-800-7499","+34938007499","+34-93-800-7499","International","Web page","http://www.fanuc.es","http://www.fanuc.es","Address","P.l. El Camí Ral, Ronda Can Rabadà n° 23, nave 1, 08860 Castelldefels (Barcelona)","Information",""
"FIB_221","en","fr","Contactez-nous","FANUC Iberia","Pays ou région","SPAIN","Téléphone","0938007499","093-800-7499","+34938007499","+34-93-800-7499","International","Page web","http://www.fanuc.es","http://www.fanuc.es","Adresse","P.l. El Camí Ral, Ronda Can Rabadà n° 23, nave 1, 08860 Castelldefels (Barcelona)","Informations",""
"FIB_221","en","pt","Contacte-nos","FANUC Iberia","País ou Região","SPAIN","Telefone","0938007499","093-800-7499","+34938007499","+34-93-800-7499","Internacional","Web page","http://www.fanuc.es","http://www.fanuc.es","Endereço","P.l. El Camí Ral, Ronda Can Rabadà n° 23, nave 1, 08860 Castelldefels (Barcelona)","Informação",""
"FIB_222","en","en","Contact Us","FANUC Iberia","Country or Region","SPAIN","Phone","0938007498","093-800-7498","+34938007498","+34-93-800-7498","International","Web page","http://www.fanuc.es","http://www.fanuc.es","Address","P.l. El Camí Ral, Ronda Can Rabadà n° 23, nave 1, 08860 Castelldefels (Barcelona)","Information",""
"FIB_222","en","pt","Contacte-nos","FANUC Iberia","País ou Região","SPAIN","Telefone","0938007498","093-800-7498","+34938007498","+34-93-800-7498","Internacional","Web page","http://www.fanuc.es","http://www.fanuc.es","Endereço","P.l. El Camí Ral, Ronda Can Rabadà n° 23, nave 1, 08860 Castelldefels (Barcelona)","Informação",""
"FIB_222","en","fr","Contactez-nous","FANUC Iberia","Pays ou région","SPAIN","Téléphone","0938007498","093-800-7498","+34938007498","+34-93-800-7498","International","Page web","http://www.fanuc.es","http://www.fanuc.es","Adresse","P.l. El Camí Ral, Ronda Can Rabadà n° 23, nave 1, 08860 Castelldefels (Barcelona)","Informations",""
"FIB_222","en","es","Contáctenos","FANUC Iberia","País o Región","SPAIN","Teléfono","0938007498","093-800-7498","+34938007498","+34-93-800-7498","Internacional","Página WEB","http://www.fanuc.es","http://www.fanuc.es","Dirección","P.l. El Camí Ral, Ronda Can Rabadà n° 23, nave 1, 08860 Castelldefels (Barcelona)","Información",""
"FUK_261","en","en","Contact Us","FANUC UK","Country or Region","United Kingdom","Phone","02476053001","024-7605-3001","+442476053001","+44-24-7605-3001","International","Web page","https://www.fanuc.eu/uk/en","https://www.fanuc.eu/uk/en","Address","Sapphire Way, Ansty Business Park, COVENTRY, CV7 9DR, UNITED KINGDOM","Information",""
"FUK_261","en","ga","Glaoigh orainn","FANUC UK","Tír nó Réigiún","BRETLAND","Fón","02476053001","024-7605-3001","+442476053001","+44-24-7605-3001","Idirnáisiúnta","leathanach gréasáin","https://www.fanuc.eu/uk/en","https://www.fanuc.eu/uk/en","Seoladh","Sapphire Way, Ansty Business Park, COVENTRY, CV7 9DR, Bretland","Eolas",""
"FUK_261","en","mt","Ikkuntatjana","FANUC UK","Pajjiż jew Reġjun","AN RÍOCHT AONTAITHE","Telefon","02476053001","024-7605-3001","+442476053001","+44-24-7605-3001","Internazzjonali","Paġna tal-web","https://www.fanuc.eu/uk/en","https://www.fanuc.eu/uk/en","Indirizz","Bealach Sapphire, Páirc Ghnó Ansty, COVENTRY, CV7 9DR, AN RÍOCHT AONTAITHE","Informazzjoni",""
"FUK_261","en","is","Hafðu samband við okkur","FANUC UK","Land eða svæði","UNITED KINGDOM","Sími","02476053001","024-7605-3001","+442476053001","+44-24-7605-3001","Alþjóðlegt","Vefsíða","https://www.fanuc.eu/uk/en","https://www.fanuc.eu/uk/en","Heimilisfang","Sapphire Way, Ansty Business Park, COVENTRY, CV7 9DR, UNITED KINGDOM","Upplýsingar",""
"FIT_285","en","it","Contattateci","FANUC ITALIA","Paese o regione","Italy","Telefono","00236015101","002-36-015-101","+390236015101","+39-02-36-015-101","Internazionale","Pagina web","https://www.fanuc.eu/it/it","https://www.fanuc.eu/it/it","Indirizzo","Via Lod, 13, 20045 Lainate (MI)","Informazioni",""
"FIT_285","en","en","Contact Us","FANUC ITALIA","Country or Region","Italy","Phone","00236015101","002-36-015-101","+390236015101","+39-02-36-015-101","International","Web page","https://www.fanuc.eu/it/it","https://www.fanuc.eu/it/it","Address","Via Lodi, 13, 20045 Lainate (MI)","Information",""
"FIB_309","en","pt","Contacte-nos","FANUC Iberia","País ou Região","PORTUGAL","Telefone","0220998822","0220-99-88-22","+351220998822","+351-220-99-88-22","Internacional","Web page","http://www.fanuc.pt","http://www.fanuc.pt","Endereço","Rua Professor David Martins Nº 148-L, 4485-805 Vilar Do Conde Porto Portugal","Informação",""
"FIB_309","en","en","Contact Us","FANUC Iberia","Country or Region","PORTUGAL","Phone","0220998822","0220-99-88-22","+351220998822","+351-220-99-88-22","International","Web page","http://www.fanuc.pt","http://www.fanuc.pt","Address","Rua Professor David Martins Nº 148-L, 4485-805 Vilar Do Conde Porto Portugal","Information",""
"FIB_309","en","fr","Contactez-nous","FANUC Iberia","Pays ou région","PORTUGAL","Téléphone","0220998822","0220-99-88-22","+351220998822","+351-220-99-88-22","International","Page web","http://www.fanuc.pt","http://www.fanuc.pt","Adresse","Rua Professor David Martins Nº 148-L, 4485-805 Vilar Do Conde Porto Portugal","Informations",""
"FIB_309","en","es","Contáctenos","FANUC Iberia","País o Región","PORTUGAL","Teléfono","0220998822","0220-99-88-22","+351220998822","+351-220-99-88-22","Internacional","Página WEB","http://www.fanuc.pt","http://www.fanuc.pt","Dirección","Rua Professor David Martins Nº 148-L, 4485-805 Vilar Do Conde Porto Portugal","Información",""
"FTR_315","en","en","Contact Us","FANUC Turkey - ISTANBUL","Country or Region","Turkey","Phone","04449362","0444-9-362","+904449362","+90-444-9-362","International","Web page","http://www.fanuc.eu/tr/tr","http://www.fanuc.eu/tr/tr","Address","Şerifali Mahallesi Turgut Özal Bulvarı No:190-192  34775 – Ümraniye İstanbul - TURKEY","Information",""
"FTR_315","en","tr","Bizimle temasa geçin","FANUC Turkey - ISTANBUL","Ülke veya Bölge","Turkey","Telefon","04449362","0444-9-362","+904449362","+90-444-9-362","Uluslararası","Web sitesi","http://www.fanuc.eu/tr/tr","http://www.fanuc.eu/tr/tr","Adres","Şerifali Mahallesi Turgut Özal Bulvarı No:190-192  34775 – Ümraniye İstanbul - TURKEY","Bilgi",""
"FBG_321","en","en","Contact Us","FANUC Bulgaria","Country or Region","Bulgaria","Phone","024929369","02-49-29-369","+35924929369","+359-2-49-29-369","International","Web page","http://www.fanuc.bg","http://www.fanuc.bg","Address","1588 Sofia, Bulgaria, 467 “Okolovrasten pat” (Logic park STAD)","Information",""
"FIS_333","en","he","צור קשר ","FANUC Israel","מדינה או איזור ","ישראל","טלפון","039739900","0397-399-00","+97239739900","+972-397-399-00","בינלאומי","אתר אינטרנט","https://www.fanuc.eu/il/en","https://www.fanuc.eu/il/en","כתובת ","3 Ha’arava street Airport city (Beit Aizenberg ) 7019900 ISRAEL","מידע ","מענה טלפוני בימים ראשון עד חמישי (8:00-18:00)"
"FIS_333","en","en","Contact Us","FANUC Israel","Country or Region","Israel","Phone","039739900","0397-399-00","+97239739900","+972-397-399-00","International","Web page","https://www.fanuc.eu/il/en","https://www.fanuc.eu/il/en","Address","3 Ha’arava street Airport city (Beit Aizenberg ) 7019900 ISRAEL","Information","Telephone calls Sunday to Thursday (8:00 - 18:00)"
"FIS_334","en","en","Contact Us","FANUC Israel","Country or Region","Israel","Phone","039839900","0398-399-00","+97239839900","+972-398-399-00","International","Web page","https://www.fanuc.eu/il/en","https://www.fanuc.eu/il/en","Address","3 Ha’arava street Airport city (Beit Aizenberg ) 7019900 ISRAEL","Information","Telephone calls Sunday to Thursday (8:00 - 18:00)"
"FIS_334","en","he","צור קשר ","FANUC Israel","מדינה או איזור ","ישראל","טלפון","039839900","0398-399-00","+97239839900","+972-398-399-00","בינלאומי","אתר אינטרנט","https://www.fanuc.eu/il/en","https://www.fanuc.eu/il/en","כתובת ","3 Ha’arava street Airport city (Beit Aizenberg ) 7019900 ISRAEL","מידע ","מענה טלפוני בימים ראשון עד חמישי (8:00-18:00)"
"FIS_335","en","he","צור קשר ","FANUC Israel","מדינה או איזור ","ישראל","טלפון","039939900","0399-399-00","+97239939900","+972-399-399-00","בינלאומי","אתר אינטרנט","https://www.fanuc.eu/il/en","https://www.fanuc.eu/il/en","כתובת ","3 Ha’arava street Airport city (Beit Aizenberg ) 7019900 ISRAEL","מידע ","מענה טלפוני בימים ראשון עד חמישי (8:00-18:00)"
"FIS_335","en","en","Contact Us","FANUC Israel","Country or Region","Israel","Phone","039939900","0399-399-00","+97239939900","+972-399-399-00","International","Web page","https://www.fanuc.eu/il/en","https://www.fanuc.eu/il/en","Address","3 Ha’arava street Airport city (Beit Aizenberg ) 7019900 ISRAEL","Information","Telephone calls Sunday to Thursday (8:00 - 18:00)"
"FIS_336","en","he","צור קשר ","FANUC Israel","מדינה או איזור ","ישראל","טלפון","040139900","0401-399-00","+97240139900","+972-401-399-00","בינלאומי","אתר אינטרנט","https://www.fanuc.eu/il/en","https://www.fanuc.eu/il/en","כתובת ","3 Ha’arava street Airport city (Beit Aizenberg ) 7019900 ISRAEL","מידע ","מענה טלפוני בימים ראשון עד חמישי (8:00-18:00)"
"FIS_336","en","en","Contact Us","FANUC Israel","Country or Region","Israel","Phone","040139900","0401-399-00","+97240139900","+972-401-399-00","International","Web page","https://www.fanuc.eu/il/en","https://www.fanuc.eu/il/en","Address","3 Ha’arava street Airport city (Beit Aizenberg ) 7019900 ISRAEL","Information","Telephone calls Sunday to Thursday (8:00 - 18:00)"
"FIS_337","en","en","Contact Us","FANUC Israel","Country or Region","Israel","Phone","040239900","0402-399-00","+97240239900","+972-402-399-00","International","Web page","https://www.fanuc.eu/il/en","https://www.fanuc.eu/il/en","Address","3 Ha’arava street Airport city (Beit Aizenberg ) 7019900 ISRAEL","Information","Telephone calls Sunday to Thursday (8:00 - 18:00)"
"FIS_337","en","he","צור קשר ","FANUC Israel","מדינה או איזור ","ישראל","טלפון","040239900","0402-399-00","+97240239900","+972-402-399-00","בינלאומי","אתר אינטרנט","https://www.fanuc.eu/il/en","https://www.fanuc.eu/il/en","כתובת ","3 Ha’arava street Airport city (Beit Aizenberg ) 7019900 ISRAEL","מידע ","מענה טלפוני בימים ראשון עד חמישי (8:00-18:00)"
"FIS_338","en","en","Contact Us","FANUC Israel","Country or Region","Israel","Phone","040339900","0403-399-00","+97240339900","+972-403-399-00","International","Web page","https://www.fanuc.eu/il/en","https://www.fanuc.eu/il/en","Address","3 Ha’arava street Airport city (Beit Aizenberg ) 7019900 ISRAEL","Information","Telephone calls Sunday to Thursday (8:00 - 18:00)"
"FIS_338","en","he","צור קשר ","FANUC Israel","מדינה או איזור ","ישראל","טלפון","040339900","0403-399-00","+97240339900","+972-403-399-00","בינלאומי","אתר אינטרנט","https://www.fanuc.eu/il/en","https://www.fanuc.eu/il/en","כתובת ","3 Ha’arava street Airport city (Beit Aizenberg ) 7019900 ISRAEL","מידע ","מענה טלפוני בימים ראשון עד חמישי (8:00-18:00)"
"FCZ_363","en","cs","Kontaktujte nás","FANUC Czech","Země nebo region","Česká Republika","Telefon","0234072130","0234-072-130","+420234072130","+420-234-072-130","Mezinárodní","Web stránka","https://www.fanuc.eu/cz/cs","https://www.fanuc.eu/cz/cs","Adresa","K Bílému vrchu 3142/7, CZ-193 00 Praha 9","Informace",""
"FCZ_363","en","en","Contact Us","FANUC Czech","Country or Region","Czech Republic","Phone","0234072130","0234-072-130","+420234072130","+420-234-072-130","International","Web page","https://www.fanuc.eu/cz/cs","https://www.fanuc.eu/cz/cs","Address","K Bílému vrchu 3142/7, CZ-193 00 Praha 9","Information",""
"FHU_369","en","hu","Lépjen kapcsolatba velünk","FANUC Hungary","Ország vagy régió","Magyarország","Telefon","023884201","023-884-201","+3623884201","+36-23-884-201","Nemzetközi","Honlap","https://www.fanuc.eu/hu/hu","https://www.fanuc.eu/hu/hu","Cím","2045 Törökbálint, Torbágy utca 7. Magyarország","Információ",""
"FHU_369","en","en","Contact Us","FANUC Hungary","Country or Region","Hungary","Phone","023884201","023-884-201","+3623884201","+36-23-884-201","International","Web page","https://www.fanuc.eu/hu/hu","https://www.fanuc.eu/hu/hu","Address","Torbágy utca 7, 2045 Törökbálint Hungary","Information",""
"FHU_371","en","hu","Lépjen kapcsolatba velünk","FANUC Hungary","Ország vagy régió","Magyarország","Telefon","023884202","023-884-202","+3623884202","+36-23-884-202","Nemzetközi","Honlap","https://www.fanuc.eu/hu/hu","https://www.fanuc.eu/hu/hu","Cím","2045 Törökbálint, Torbágy utca 7. Magyarország","Információ",""
"FHU_371","en","en","Contact Us","FANUC Hungary","Country or Region","Hungary","Phone","023884202","023-884-202","+3623884202","+36-23-884-202","International","Web page","https://www.fanuc.eu/hu/hu","https://www.fanuc.eu/hu/hu","Address","Torbágy utca 7, 2045 Törökbálint Hungary","Information",""
"FHU_373","en","hu","Lépjen kapcsolatba velünk","FANUC Hungary","Ország vagy régió","Magyarország","Telefon","023884203","023-884-203","+3623884203","+36-23-884-203","Nemzetközi","Honlap","https://www.fanuc.eu/hu/hu","https://www.fanuc.eu/hu/hu","Cím","2045 Törökbálint, Torbágy utca 7. Magyarország","Információ",""
"FHU_373","en","en","Contact Us","FANUC Hungary","Country or Region","Hungary","Phone","023884203","023-884-203","+3623884203","+36-23-884-203","International","Web page","https://www.fanuc.eu/hu/hu","https://www.fanuc.eu/hu/hu","Address","Torbágy utca 7, 2045 Törökbálint Hungary","Information",""
"FPL_375","en","pl","Skontaktuj się z nami","FANUC Polska","Państwo lub Region","Polska","Telefon","0717766177","071-7766-177","+48717766177","+48-71-7766-177","Międzynarodowy","Strona www","https://www.fanuc.eu/pl/pl","https://www.fanuc.eu/pl/pl","Adres","Tadeusza Wendy 2 52-407 Wroclaw , Polska","Informacje",""
"FPL_375","en","en","Contact Us","FANUC Polska","Country or Region","Poland","Phone","0717766177","071-7766-177","+48717766177","+48-71-7766-177","International","Web page","https://www.fanuc.eu/pl/pl","https://www.fanuc.eu/pl/pl","Address","Tadeusza Wendy 2 52-407 Wroclaw , Polska","Information",""
"FPL_377","en","pl","Skontaktuj się z nami","FANUC Polska","Państwo lub Region","Polska","Telefon","0717766174","071-7766-174","+48717766174","+48-71-7766-174","Międzynarodowy","Strona www","https://www.fanuc.eu/pl/pl","https://www.fanuc.eu/pl/pl","Adres","Tadeusza Wendy 2 52-407 Wroclaw , Polska","Informacje",""
"FPL_377","en","en","Contact Us","FANUC Polska","Country or Region","Poland","Phone","0717766174","071-7766-174","+48717766174","+48-71-7766-174","International","Web page","https://www.fanuc.eu/pl/pl","https://www.fanuc.eu/pl/pl","Address","Tadeusza Wendy 2 52-407 Wroclaw , Polska","Information",""
"FNO_381","en","nb","Kontakt Oss","FANUC Nordic","Land eller region","Sverige","Telefon","0850580777","085-058-07-77","+46850580777","+46-85-058-07-77","Internasjonal","Web side","https://www.fanuc.eu/se/en","https://www.fanuc.eu/se/en","Adresse","Djurhagegatan 10 SE-213 76 Malmö","Informasjon",""
"FNO_381","en","lv","Sazināties ar mums","FANUC Nordic","Valsts vai reģions","Zviedrija","Tālrunis","0850580777","085-058-07-77","+46850580777","+46-85-058-07-77","Starptautiskā","Mājas lapa","https://www.fanuc.eu/se/en","https://www.fanuc.eu/se/en","Adrese","Djurhagegatan 10 SE-213 76 Malme","Informācija",""
"FNO_381","en","en","Contact Us","FANUC Nordic","Country or Region","Sweden","Phone","0850580777","085-058-07-77","+46850580777","+46-85-058-07-77","International","Web page","https://www.fanuc.eu/se/en","https://www.fanuc.eu/se/en","Address","Djurhagegatan 10 SE-213 76 Malmö","Information",""
"FNO_381","en","da","Kontakt os","FANUC Nordic","Land eller region","Sverige","Telefon","0850580777","085-058-07-77","+46850580777","+46-85-058-07-77","International","Web side","https://www.fanuc.eu/se/en","https://www.fanuc.eu/se/en","Adresse","Djurhagegatan 10 SE-213 76 Malmø","Information",""
"FNO_381","en","sv","Kontakta Oss","FANUC Nordic","Land eller region","Sverige","Telefon","0850580777","085-058-07-77","+46850580777","+46-85-058-07-77","Internationell","Web sida","https://www.fanuc.eu/se/en","https://www.fanuc.eu/se/en","Adress","Djurhagegatan 10 SE-213 76 Malmö","Information",""
"FNO_381","en","nb-no","Kontakt Oss","FANUC Nordic","Land eller region","Sverige","Telefon","0850580777","085-058-07-77","+46850580777","+46-85-058-07-77","Internasjonal","Web side","https://www.fanuc.eu/se/en","https://www.fanuc.eu/se/en","Adresse","Djurhagegatan 10 SE-213 76 Malmö","Informasjon",""
"FNO_381","en","lt","Susisiekite su momis","FANUC Nordic","Šalis ar regionas","Švedija","Telefonas","0850580777","085-058-07-77","+46850580777","+46-85-058-07-77","Tarptautinis","Internetinis puslapis","https://www.fanuc.eu/se/en","https://www.fanuc.eu/se/en","Adresas","Djurhagegatan 10 SE-213 76 Malmė","Informacija",""
"FNO_381","en","et","Võtke meiega ühendust","FANUC Nordic","Riik või regioon","Rootsi","Telefon","0850580777","085-058-07-77","+46850580777","+46-85-058-07-77","Rahvusvaheline","Koduleht","https://www.fanuc.eu/se/en","https://www.fanuc.eu/se/en","Aadress","Djurhagegatan 10 SE-213 76 Malmö","Informatsioon",""
"FNO_381","en","fi","Ota yhteyttä","FANUC Nordic","Maa tai alue","Ruotsi","Puhelin","0850580777","085-058-07-77","+46850580777","+46-85-058-07-77","Kansainvälinen","Verkkosivu","https://www.fanuc.eu/se/en","https://www.fanuc.eu/se/en","Osoite","Djurhagegatan 10 SE-213 76 Malmö","Informaatio",""
"FNO_381","en","ru","Связаться с нами","FANUC Nordic","Страна или регион","Швеция","Телефон","0850580777","085-058-07-77","+46850580777","+46-85-058-07-77","Международный","Сайт","https://www.fanuc.eu/se/en","https://www.fanuc.eu/se/en","Адрес","Джурхагегатан 10 SE-213 76 Мальмё","Информация",""
"FNO_381","en","no","Kontakt Oss","FANUC Nordic","Land eller region","Sverige","Telefon","0850580777","085-058-07-77","+46850580777","+46-85-058-07-77","Internasjonal","Web side","https://www.fanuc.eu/se/en","https://www.fanuc.eu/se/en","Adresse","Djurhagegatan 10 SE-213 76 Malmö","Informasjon",""
"FNO_387","en","ru","Связаться с нами","FANUC Nordic","Страна или регион","Дания","Телефон","70716077","7071-6077","+4570716077","+45-7071-6077","Международный","Сайт","https://www.fanuc.eu/dk/en","https://www.fanuc.eu/dk/en","Адрес","Forskerparken 10, 5230 Оденсе","Информация",""
"FNO_387","en","en","Contact Us","FANUC Nordic","Country or Region","Denmark","Phone","70716077","7071-6077","+4570716077","+45-7071-6077","International","Web page","https://www.fanuc.eu/dk/en","https://www.fanuc.eu/dk/en","Address","Forskerparken 10, 5230 Odense","Information",""
"FNO_387","en","et","Võtke meiega ühendust","FANUC Nordic","Riik või regioon","Taani","Telefon","70716077","7071-6077","+4570716077","+45-7071-6077","Rahvusvaheline","Koduleht","https://www.fanuc.eu/dk/en","https://www.fanuc.eu/dk/en","Aadress","Forskerparken 10, 5230 Odense","Informatsioon",""
"FNO_387","en","fi","Ota yhteyttä","FANUC Nordic","Maa tai alue","Tanska","Puhelin","70716077","7071-6077","+4570716077","+45-7071-6077","Kansainvälinen","Verkkosivu","https://www.fanuc.eu/dk/en","https://www.fanuc.eu/dk/en","Osoite","Forskerparken 10, 5230 Odense","Informaatio",""
"FNO_387","en","lt","Susisiekite su momis","FANUC Nordic","Šalis ar regionas","Danija","Telefonas","70716077","7071-6077","+4570716077","+45-7071-6077","Tarptautinis","Internetinis puslapis","https://www.fanuc.eu/dk/en","https://www.fanuc.eu/dk/en","Adresas","Forskerparken 10, 5230 Odense","Informacija",""
"FNO_387","en","sv","Kontakta Oss","FANUC Nordic","Land eller region","Danmark","Telefon","70716077","7071-6077","+4570716077","+45-7071-6077","Internationell","Web sida","https://www.fanuc.eu/dk/en","https://www.fanuc.eu/dk/en","Adress","Forskerparken 10, 5230 Odense","Information",""
"FNO_387","en","nb-no","Kontakt Oss","FANUC Nordic","Land eller region","Danmark","Telefon","70716077","7071-6077","+4570716077","+45-7071-6077","Internasjonal","Web side","https://www.fanuc.eu/dk/en","https://www.fanuc.eu/dk/en","Adresse","Forskerparken 10, 5230 Odense","Informasjon",""
"FNO_387","en","no","Kontakt Oss","FANUC Nordic","Land eller region","Danmark","Telefon","70716077","7071-6077","+4570716077","+45-7071-6077","Internasjonal","Web side","https://www.fanuc.eu/dk/en","https://www.fanuc.eu/dk/en","Adresse","Forskerparken 10, 5230 Odense","Informasjon",""
"FNO_387","en","da","Kontakt os","FANUC Nordic","Land eller region","Danmark","Telefon","70716077","7071-6077","+4570716077","+45-7071-6077","International","Web side","https://www.fanuc.eu/dk/en","https://www.fanuc.eu/dk/en","Adresse","Forskerparken 10, 5230 Odense","Information",""
"FNO_387","en","nb","Kontakt Oss","FANUC Nordic","Land eller region","Danmark","Telefon","70716077","7071-6077","+4570716077","+45-7071-6077","Internasjonal","Web side","https://www.fanuc.eu/dk/en","https://www.fanuc.eu/dk/en","Adresse","Forskerparken 10, 5230 Odense","Informasjon",""
"FNO_387","en","lv","Sazināties ar mums","FANUC Nordic","Valsts vai reģions","Dānija","Tālrunis","70716077","7071-6077","+4570716077","+45-7071-6077","Starptautiskā","Mājas lapa","https://www.fanuc.eu/dk/en","https://www.fanuc.eu/dk/en","Adrese","Forskerparken 10, 5230 Odense","Informācija",""
"FNO_399","en","en","Contact Us","FANUC Nordic","Country or Region","Sweden","Phone","0850580777","08-505-80-777","+46850580777","+46-8-505-80-777","International","Web page","https://www.fanuc.eu/se/en","https://www.fanuc.eu/se/en","Address","Djurhagegatan 10 SE-213 76 Malmö","Information",""
"FNO_399","en","nb-no","Kontakt Oss","FANUC Nordic","Land eller region","Sverige","Telefon","0850580777","08-505-80-777","+46850580777","+46-8-505-80-777","Internasjonal","Web side","https://www.fanuc.eu/se/en","https://www.fanuc.eu/se/en","Adresse","Djurhagegatan 10 SE-213 76 Malmö","Informasjon",""
"FNO_399","en","fi","Ota yhteyttä","FANUC Nordic","Maa tai alue","Ruotsi","Puhelin","0850580777","08-505-80-777","+46850580777","+46-8-505-80-777","Kansainvälinen","Verkkosivu","https://www.fanuc.eu/se/en","https://www.fanuc.eu/se/en","Osoite","Djurhagegatan 10 SE-213 76 Malmö","Informaatio",""
"FNO_399","en","lt","Susisiekite su momis","FANUC Nordic","Šalis ar regionas","Švedija","Telefonas","0850580777","08-505-80-777","+46850580777","+46-8-505-80-777","Tarptautinis","Internetinis puslapis","https://www.fanuc.eu/se/en","https://www.fanuc.eu/se/en","Adresas","Djurhagegatan 10 SE-213 76 Malmė","Informacija",""
"FNO_399","en","nb","Kontakt Oss","FANUC Nordic","Land eller region","Sverige","Telefon","0850580777","08-505-80-777","+46850580777","+46-8-505-80-777","Internasjonal","Web side","https://www.fanuc.eu/se/en","https://www.fanuc.eu/se/en","Adresse","Djurhagegatan 10 SE-213 76 Malmö","Informasjon",""
"FNO_399","en","no","Kontakt Oss","FANUC Nordic","Land eller region","Sverige","Telefon","0850580777","08-505-80-777","+46850580777","+46-8-505-80-777","Internasjonal","Web side","https://www.fanuc.eu/se/en","https://www.fanuc.eu/se/en","Adresse","Djurhagegatan 10 SE-213 76 Malmö","Informasjon",""
"FNO_399","en","et","Võtke meiega ühendust","FANUC Nordic","Riik või regioon","Rootsi","Telefon","0850580777","08-505-80-777","+46850580777","+46-8-505-80-777","Rahvusvaheline","Koduleht","https://www.fanuc.eu/se/en","https://www.fanuc.eu/se/en","Aadress","Djurhagegatan 10 SE-213 76 Malmö","Informatsioon",""
"FNO_399","en","sv","Kontakta Oss","FANUC Nordic","Land eller region","Sverige","Telefon","0850580777","08-505-80-777","+46850580777","+46-8-505-80-777","Internationell","Web sida","https://www.fanuc.eu/se/en","https://www.fanuc.eu/se/en","Adress","Djurhagegatan 10 SE-213 76 Malmö","Information",""
"FNO_399","en","da","Kontakt os","FANUC Nordic","Land eller region","Sverige","Telefon","0850580777","08-505-80-777","+46850580777","+46-8-505-80-777","International","Web side","https://www.fanuc.eu/se/en","https://www.fanuc.eu/se/en","Adresse","Djurhagegatan 10 SE-213 76 Malmø","Information",""
"FNO_399","en","lv","Sazināties ar mums","FANUC Nordic","Valsts vai reģions","Zviedrija","Tālrunis","0850580777","08-505-80-777","+46850580777","+46-8-505-80-777","Starptautiskā","Mājas lapa","https://www.fanuc.eu/se/en","https://www.fanuc.eu/se/en","Adrese","Djurhagegatan 10 SE-213 76 Malme","Informācija",""
"FNO_399","en","ru","Связаться с нами","FANUC Nordic","Страна или регион","Швеция","Телефон","0850580777","08-505-80-777","+46850580777","+46-8-505-80-777","Международный","Сайт","https://www.fanuc.eu/se/en","https://www.fanuc.eu/se/en","Адрес","Джурхагегатан 10 SE-213 76 Мальмё","Информация",""
"FCH_423","en","en","Contact Us","FANUC SWITZERLAND","Country or Region","Switzerland","Phone","0323434444","032-343-44-44","+41323434444","+41-32-343-44-44","International","Web page","https://www.fanuc.eu/ch/en","https://www.fanuc.eu/ch/en","Address","Grenchenstrasse 7, CH-2504 Biel/Bienne, Switzerland","Information",""
"FCH_423","en","it","Contattateci","FANUC SWITZERLAND","Paese o regione","Svizzera","Telefono","0323434444","032-343-44-44","+41323434444","+41-32-343-44-44","Internazionale","Pagina web","https://www.fanuc.eu/ch/en","https://www.fanuc.eu/ch/en","Indirizzo","Grenchenstrasse 7, CH-2504 Biel/ Bienne, Schweiz ","Informazioni",""
"FCH_423","en","fr","Contactez-nous","FANUC SWITZERLAND","Pays ou région","Suisse","Téléphone","0323434444","032-343-44-44","+41323434444","+41-32-343-44-44","International","Page web","https://www.fanuc.eu/ch/en","https://www.fanuc.eu/ch/en","Adresse","Grenchenstrasse 7, CH-2504 Biel/ Bienne, Switzerland ","Informations",""
"FCH_423","en","de","Kontaktieren Sie uns","FANUC SWITZERLAND","Land oder Region","Schweiz","Telefon","0323434444","032-343-44-44","+41323434444","+41-32-343-44-44","International","Web-Seite","https://www.fanuc.eu/ch/en","https://www.fanuc.eu/ch/en","Adresse","Grenchenstrasse 7, CH-2504 Biel/ Bienne, Suisse ","Information",""
"FSV_435","en","en","Contact Us","FANUC ADRIA","Country or Region","Slovenia","Phone","037774133","03-777-41-33","+38637774133","+386-3-777-41-33","International","Web page","https://www.fanuc.eu/si/sl","https://www.fanuc.eu/si/sl","Address","Ipavčeva 21, 3000 Celje, Slovenija","Information",""
"FSV_435","en","sr","Контактирајте нас","FANUC ADRIA","Држава","Slovenija","Телефон","037774133","03-777-41-33","+38637774133","+386-3-777-41-33","Интернатионал","интернет адреса","https://www.fanuc.eu/si/sl","https://www.fanuc.eu/si/sl","Адреса","Ipavčeva 21, 3000 Celje, Slovenija","Информације",""
"FSV_435","en","sl","Kontaktirajte nas","FANUC ADRIA","Država","Slovenija","Telefonska številka","037774133","03-777-41-33","+38637774133","+386-3-777-41-33","Mednarodni","Spletna stran","https://www.fanuc.eu/si/sl","https://www.fanuc.eu/si/sl","Naslov","Ipavčeva 21, 3000 Celje, Slovenija","Informacije",""
"FSV_435","en","hr","Kontaktirajte nas","FANUC ADRIA","Država","Slovenija","Telefon","037774133","03-777-41-33","+38637774133","+386-3-777-41-33","Međunarodna","Web stranica","https://www.fanuc.eu/si/sl","https://www.fanuc.eu/si/sl","Adresa","Ipavčeva 21, 3000 Celje, Slovenija","Informacija",""
"FSV_435","en","bs","Kontaktirajte nas","FANUC ADRIA","Država","Slovenija","Telefon","037774133","03-777-41-33","+38637774133","+386-3-777-41-33","International","Web stranicu","https://www.fanuc.eu/si/sl","https://www.fanuc.eu/si/sl","Adresa","Ipavčeva 21, 3000 Celje, Slovenija","Informacije",""
"FSV_437","en","bs","Kontaktirajte nas","FANUC ADRIA","Država","Slovenija","Telefon","037774134","03-777-41-34","+38637774134","+386-3-777-41-34","International","Web stranicu","https://www.fanuc.eu/si/sl","https://www.fanuc.eu/si/sl","Adresa","Ipavčeva 21, 3000 Celje, Slovenija","Informacije",""
"FSV_437","en","hr","Kontaktirajte nas","FANUC ADRIA","Država","Slovenija","Telefon","037774134","03-777-41-34","+38637774134","+386-3-777-41-34","Međunarodna","Web stranica","https://www.fanuc.eu/si/sl","https://www.fanuc.eu/si/sl","Adresa","Ipavčeva 21, 3000 Celje, Slovenija","Informacija",""
"FSV_437","en","en","Contact Us","FANUC ADRIA","Country or Region","Slovenia","Phone","037774134","03-777-41-34","+38637774134","+386-3-777-41-34","International","Web page","https://www.fanuc.eu/si/sl","https://www.fanuc.eu/si/sl","Address","Ipavčeva 21, 3000 Celje, Slovenija","Information",""
"FSV_437","en","sr","Контактирајте нас","FANUC ADRIA","Држава","Slovenija","Телефон","037774134","03-777-41-34","+38637774134","+386-3-777-41-34","Интернатионал","интернет адреса","https://www.fanuc.eu/si/sl","https://www.fanuc.eu/si/sl","Адреса","Ipavčeva 21, 3000 Celje, Slovenija","Информације",""
"FSV_437","en","sl","Kontaktirajte nas","FANUC ADRIA","Država","Slovenija","Telefonska številka","037774134","03-777-41-34","+38637774134","+386-3-777-41-34","Mednarodni","Spletna stran","https://www.fanuc.eu/si/sl","https://www.fanuc.eu/si/sl","Naslov","Ipavčeva 21, 3000 Celje, Slovenija","Informacije",""
"FSV_447","en","sr","Контактирајте нас","FANUC SERBIA","Држава","Srbija","Телефон","0222150324","022-21-50-324","+381222150324","+381-22-21-50-324","Интернатионал","интернет адреса","https://www.fanuc.eu/rs/en","https://www.fanuc.eu/rs/en","Адреса","Kralja Petra I Karađorđevića 92a,22330  Nova Pazova, Srbija","Информације",""
"FSV_447","en","en","Contact Us","FANUC SERBIA","Country or Region","Serbia","Phone","0222150324","022-21-50-324","+381222150324","+381-22-21-50-324","International","Web page","https://www.fanuc.eu/rs/en","https://www.fanuc.eu/rs/en","Address","Kralja Petra I Karađorđevića 92a,22330  Nova Pazova, Srbija","Information",""
"FSV_447","en","bs","Kontaktirajte nas","FANUC SERBIA","Država","Srbija","Telefon","0222150324","022-21-50-324","+381222150324","+381-22-21-50-324","International","Web stranicu","https://www.fanuc.eu/rs/en","https://www.fanuc.eu/rs/en","Adresa","Kralja Petra I Karađorđevića 92a,22330  Nova Pazova, Srbija","Informacije",""
"FSV_447","en","hr","Kontaktirajte nas","FANUC SERBIA","Država","Srbija","Telefon","0222150324","022-21-50-324","+381222150324","+381-22-21-50-324","Međunarodna","Web stranica","https://www.fanuc.eu/rs/en","https://www.fanuc.eu/rs/en","Adresa","Kralja Petra I Karađorđevića 92a,22330  Nova Pazova, Srbija","Informacija",""
"FSV_447","en","sl","Kontaktirajte nas","FANUC SERBIA","Država","Srbija","Telefonska številka","0222150324","022-21-50-324","+381222150324","+381-22-21-50-324","Mednarodni","Spletna stran","https://www.fanuc.eu/rs/en","https://www.fanuc.eu/rs/en","Naslov","Kralja Petra I Karađorđevića 92a,22330  Nova Pazova, Srbija","Informacije",""
"FBL_471","en","fr","Contactez-nous","FANUC BENELUX","Pays ou région","Belgique","Téléphone","015788810","015-78-88-10","+3215788810","+32-15-78-88-10","International","Page web","https://www.fanuc.eu/be/nl","https://www.fanuc.eu/be/nl","Adresse","Generaal De Wittelaan 15   B-2800 Malines   Belgique","Informations",""
"FBL_471","en","en","Contact Us","FANUC BENELUX","Country or Region","Belgium","Phone","015788810","015-78-88-10","+3215788810","+32-15-78-88-10","International","Web page","https://www.fanuc.eu/be/nl","https://www.fanuc.eu/be/nl","Address","Generaal De Wittelaan 15   B-2800 Mechelen   Belgium","Information",""
"FBL_471","en","nl","Contacteer ons","FANUC BENELUX","Land of regio","België","Telefoon","015788810","015-78-88-10","+3215788810","+32-15-78-88-10","Internationale","Webpagina","https://www.fanuc.eu/be/nl","https://www.fanuc.eu/be/nl","Adres","Generaal De Wittelaan 15   B-2800 Mechelen   België","Informatie",""
"FOE_489","en","de","Kontaktieren Sie uns","FANUC Austria","Land oder Region","Austria","Telefon","072022762101","0720-227621-01","+4372022762101","+43-720-227621-01","International","Web-Seite","https://www.fanuc.eu/at/de","https://www.fanuc.eu/at/de","Adresse","Josef Haas Straße 9A, A-4655 Vorchdorf, Österreich","Information","telefonische Erreichbarkeit kostenlos von : Montag bis Donnerstag  08:00 – 16:00 Uhr und Freitag  08:00 - 13:00 Uhr, Service-Hotline: +43-7202276-2101 , E-Mail: service@fanuc.at"
"FOE_489","en","en","Contact Us","FANUC Austria","Country or Region","Austria","Phone","072022762101","0720-227621-01","+4372022762101","+43-720-227621-01","International","Web page","https://www.fanuc.eu/at/de","https://www.fanuc.eu/at/de","Address","Josef Haas Straße 9A, A-4655 Vorchdorf, Österreich ","Information","Telephone availability free of charge from : Monday to Thursday 08:00 - 16:00 and Friday 08:00 - 13:00, Service Hotline: +43-7202276-2101 , E-Mail: service@fanuc.at"
"FRO_495","en","en","Contact Us","FANUC Romania","Country or Region","Romania","Phone","0747232682","0747-232-682","+40747232682","+40-747-232-682","International","Web page","","","Address","Metallic Hall, Offices and Parking, farm No. 9, hall No 25, Floresti, Cluj","Information","Telephone inquiries are accepteb at +40-747-232-628 from 8 am to 5 pm on weekdays."
"FRO_495","en","ro","Contactează-ne","FANUC Romania","Țara sau regiunea","România","Telefon","0747232682","0747-232-682","+40747232682","+40-747-232-682","Internaţional","Pagină web","","","Adresă","Farm No. 9, hall No 25, Floresti, Cluj 407280","Informații","Telephone inquiries are accepteb at +40-747-232-628 from 8 am to 5 pm on weekdays."
"FSK_507","en","en","Contact Us","FANUC Slovakia","Country or Region","Slovakia","Phone","0376300759","0376-300-759","+421376300759","+421-376-300-759","International","Web page","https://www.fanuc.eu/sk/sk","https://www.fanuc.eu/sk/sk","Address","Pri Jelšine 3636/1, Nitra, SK- 949 01, Slovakia","Information",""
"FSK_507","en","sk","Kontaktujte nás","FANUC Slovakia","Krajina alebo región","Slovakia","Telefón","0376300759","0376-300-759","+421376300759","+421-376-300-759","Medzinárodný","Webstránka","https://www.fanuc.eu/sk/sk","https://www.fanuc.eu/sk/sk","Adresa","Pri Jelšine 3636/1, Nitra, SK- 949 01, Slovakia","Informácia",""
"FRU_513","en","en","Contact Us","FANUC Russia","Country or Region","Russian Federation","Phone","04951181280","0495-118-1280","+74951181280","+7-495-118-1280","International","Web page","https://www.fanuc.eu/ru/ru","https://www.fanuc.eu/ru/ru","Address","Bolshoi boulevard 7, Innovasion center Skolkovo, Moscow","Information",""
"FRU_513","en","ru","Связаться с нами","FANUC Russia","Страна или регион","Russian Federation","Телефон","04951181280","0495-118-1280","+74951181280","+7-495-118-1280","Международный","Сайт","https://www.fanuc.eu/ru/ru","https://www.fanuc.eu/ru/ru","Адрес","Bolshoi boulevard 7, Innovasion center Skolkovo, Moscow","Информация",""
"BFM_574","en","zh-tw","聯繫我們","BEIJING FANUC","國家或區域","中國","電話 ","4006100777","400-610-0777","+864006100777","+86-400-610-0777","國際電話","網址","http://www.bj-fanuc.com.cn","http://www.bj-fanuc.com.cn","地址","北京市海澱區上地信息產業基地信息路9號 100085","其他資訊","7X24服務熱線：+86-400-610-0777"
"BFM_574","en","en","Contact Us","BEIJING FANUC","Country or Region","China","Phone","4006100777","400-610-0777","+864006100777","+86-400-610-0777","International","Web page","http://www.bj-fanuc.com.cn","http://www.bj-fanuc.com.cn","Address","No.9 Xinxi Road, Shangdi Information Industry Base, Haidian District, Beijing CHINA 100085","Information","7X24 Service Hotline:+86-400-610-0777"
"BFM_574","en","zh-cn","联系我们","BEIJING FANUC","国家或地区","中国","电话","4006100777","400-610-0777","+864006100777","+86-400-610-0777","国际电话","网址","http://www.bj-fanuc.com.cn","http://www.bj-fanuc.com.cn","地址","北京市海淀区上地信息产业基地信息路9号 100085","备注","7X24服务热线：+86-400-610-0777"
"BFM_574","en","ja","お問い合わせ","BEIJING FANUC","連絡先の地域","中国","電話番号","4006100777","400-610-0777","+864006100777","+86-400-610-0777","国際電話","ウェブサイト","http://www.bj-fanuc.com.cn","http://www.bj-fanuc.com.cn","住所","北京市海淀区上地信息産業基地信息路9号 100085","ご案内","7X24サービスホットライン: +86-400-610-0777"
"SFR_592","en","en","Contact Us","SHANGHAI FANUC Robotics","Country or Region","China","Phone","4008200001","400-820-0001","+864008200001","+86-400-820-0001","International","Web page","https://www.shanghai-fanuc.com.cn","https://www.shanghai-fanuc.com.cn","Address","No.1500 Fulian Road, Baoshan Area, Shanghai P.R. China. Post Code: 201906","Information","24-hour service "
"SFR_592","en","ja","お問い合わせ","SHANGHAI FANUC Robotics","連絡先の地域","中華人民共和国","電話番号","4008200001","400-820-0001","+864008200001","+86-400-820-0001","国際電話","ウェブサイト","https://www.shanghai-fanuc.com.cn","https://www.shanghai-fanuc.com.cn","住所","中国上海市宝山区富聯路1500号、郵便番号201906 ","ご案内","終日24時間営業"
"SFR_592","en","zh-tw","聯繫我們","SHANGHAI FANUC Robotics","國家或區域","中華人民共和國 ","電話 ","4008200001","400-820-0001","+864008200001","+86-400-820-0001","國際電話","網址","https://www.shanghai-fanuc.com.cn","https://www.shanghai-fanuc.com.cn","地址","中國上海市寶山區富聯路1500號，郵編201906 ","其他資訊","全天24小時 "
"SFR_592","en","zh-cn","联系我们","SHANGHAI FANUC Robotics","国家或地区","中华人民共和国","电话","4008200001","400-820-0001","+864008200001","+86-400-820-0001","国际电话","网址","https://www.shanghai-fanuc.com.cn","https://www.shanghai-fanuc.com.cn","地址","中国上海市宝山区富联路1500号，邮编201906","备注","全天24小时"
"SFR_599","en","zh-cn","联系我们","SHANGHAI FANUC ROBOMACHINE","国家或地区","中华人民共和国","电话","4008200001","400-820-0001","+864008200001","+86-400-820-0001","国际电话","网址","https://www.shanghai-fanuc.com.cn","https://www.shanghai-fanuc.com.cn","地址","中国上海市宝山区富联路1500号一幢一层，邮编201906","备注","全天24小时"
"SFR_599","en","zh-tw","聯繫我們","SHANGHAI FANUC ROBOMACHINE","國家或區域","中華人民共和國 ","電話 ","4008200001","400-820-0001","+864008200001","+86-400-820-0001","國際電話","網址","https://www.shanghai-fanuc.com.cn","https://www.shanghai-fanuc.com.cn","地址","中國上海市寶山區富聯路1500號1幢一層，郵編201906","其他資訊","全天24小時 "
"SFR_599","en","en","Contact Us","SHANGHAI FANUC ROBOMACHINE","Country or Region","China","Phone","4008200001","400-820-0001","+864008200001","+86-400-820-0001","International","Web page","https://www.shanghai-fanuc.com.cn","https://www.shanghai-fanuc.com.cn","Address","No.1500 Fulian Road, Baoshan Area, Shanghai P.R. China. Post Code: 201906","Information","24-hour service "
"SFR_599","en","ja","お問い合わせ","SHANGHAI FANUC ROBOMACHINE","連絡先の地域","中華人民共和国","電話番号","4008200001","400-820-0001","+864008200001","+86-400-820-0001","国際電話","ウェブサイト","https://www.shanghai-fanuc.com.cn","https://www.shanghai-fanuc.com.cn","住所","中国上海市宝山区富聯路1500号のビル1階、郵便番号201906 ","ご案内","終日24時間営業"
"FKS_600","en","en","Contact Us","KOREA FANUC - Changwon","Country or Region","Korea","Phone","0552820122","055-282-0122","+82552820122","+82-55-282-0122","International","Web page","https://www.fkc.co.kr","https://www.fkc.co.kr","Address","188, Sahwa-ro, Uichang-gu, Changwon-si, Gyeongsangnam-do, Republic of Korea","Information","Business hours are from 9 am to 6 pm on weekdays. Call us from 9 am to 6 pm, mon to sat."
"FKS_600","en","ko","문의 하기","KOREA FANUC - 창원","국가 또는 지역","대한민국","전화","0552820122","055-282-0122","+82552820122","+82-55-282-0122","International","홈페이지","https://www.fkc.co.kr","https://www.fkc.co.kr","주소","경상남도 창원시 의창구 사화로 188","정보","정상 영업시간은 평일 오전9시 부터 오후6시 까지 이며, 전화문의는 월요일~토요일 오전9시 부터 오후6시 까지 입니다."
"FKS_606","en","ko","문의 하기","KOREA FANUC - 천안","국가 또는 지역","대한민국","전화","0415820122","041-582-0122","+82415820122","+82-41-582-0122","International","홈페이지","https://www.fkc.co.kr","https://www.fkc.co.kr","주소","충청남도 천안시 서북구 직산읍 4산단5길33","정보","정상 영업시간은 평일 오전9시 부터 오후6시 까지 이며, 전화문의는 월요일~토요일 오전9시 부터 오후6시 까지 입니다."
"FKS_606","en","en","Contact Us","KOREA FANUC - Cheonan","Country or Region","Korea","Phone","0415820122","041-582-0122","+82415820122","+82-41-582-0122","International","Web page","https://www.fkc.co.kr","https://www.fkc.co.kr","Address","33, 4sandan 5-gil, Jiksan-eup, Seobuk-gu, Cheonan-si, Chungcheongnam-do, Korea","Information","Business hours are from 9 am to 6 pm on weekdays. Call us from 9 am to 6 pm, mon to sat."
"FKS_612","en","ko","문의 하기","KOREA FANUC - 대구","국가 또는 지역","대한민국","전화","0533551645","053-355-1645","+82533551645","+82-53-355-1645","International","홈페이지","https://www.fkc.co.kr","https://www.fkc.co.kr","주소","대구광역시 북구 원대로 128 연우빌딩 2층","정보","정상 영업시간은 평일 오전9시 부터 오후6시 까지 이며, 전화문의는 월요일~토요일 오전9시 부터 오후6시 까지 입니다."
"FKS_612","en","en","Contact Us","KOREA FANUC - Daegu","Country or Region","Korea","Phone","0533551645","053-355-1645","+82533551645","+82-53-355-1645","International","Web page","https://www.fkc.co.kr","https://www.fkc.co.kr","Address","2F Yeon Woo Bldg, 128, Wondae-ro, Buk-gu, Daegu, Korea","Information","Business hours are from 9 am to 6 pm on weekdays. Call us from 9 am to 6 pm, mon to sat."
"FKS_618","en","en","Contact Us","KOREA FANUC - Ulsan","Country or Region","Korea","Phone","0522681645","052-268-1645","+82522681645","+82-52-268-1645","International","Web page","https://www.fkc.co.kr","https://www.fkc.co.kr","Address","116, 1F Ulsan cargo Terminal, 19, Sanseong-ro, Buk-gu, Ulsan, Korea","Information","Business hours are from 9 am to 6 pm on weekdays. Call us from 9 am to 6 pm, mon to sat."
"FKS_618","en","ko","문의 하기","KOREA FANUC - 울산","국가 또는 지역","대한민국","전화","0522681645","052-268-1645","+82522681645","+82-52-268-1645","International","홈페이지","https://www.fkc.co.kr","https://www.fkc.co.kr","주소","울산광역시 북구 산성로19 울산화물터미널 116호","정보","정상 영업시간은 평일 오전9시 부터 오후6시 까지 이며, 전화문의는 월요일~토요일 오전9시 부터 오후6시 까지 입니다."
"FKS_624","en","ko","문의 하기","KOREA FANUC - 안양","국가 또는 지역","대한민국","전화","0315893891","031-589-3891","+82315893891","+82-31-589-3891","International","홈페이지","https://www.fkc.co.kr","https://www.fkc.co.kr","주소","경기도 안양시 동안구 부림로170번길 41-9","정보","정상 영업시간은 평일 오전9시 부터 오후6시 까지 이며, 전화문의는 월요일~토요일 오전9시 부터 오후6시 까지 입니다."
"FKS_624","en","en","Contact Us","KOREA FANUC - Anyang","Country or Region","Korea","Phone","0315893891","031-589-3891","+82315893891","+82-31-589-3891","International","Web page","https://www.fkc.co.kr","https://www.fkc.co.kr","Address","41-9, 170-gil, burim-ro, Dongan-gu, Anyang-si, Gyeonggi-do, Korea","Information","Business hours are from 9 am to 6 pm on weekdays. Call us from 9 am to 6 pm, mon to sat."
"TFC_630","en","en","Contact Us","TAIWAN FANUC","Country or Region","Taiwan","Phone","0423591842","04-2359-1842","+886423591842","+886-4-2359-1842","International","Web page","http://www.fanuctaiwan.com.tw","http://www.fanuctaiwan.com.tw","Address","No. 10, 16th Rd., Taichung Industrial Park, Taichung City 40768, Taiwan (R.O.C.)","Information","Telephone inquiries are accepted at +886-4-2359-1842 from 08:30 AM to 05:40 PM on Monday to Saturday."
"TFC_630","en","zh-tw","聯繫我們","TAIWAN FANUC","國家或區域","台灣","電話 ","0423591842","04-2359-1842","+886423591842","+886-4-2359-1842","國際電話","網址","http://www.fanuctaiwan.com.tw","http://www.fanuctaiwan.com.tw","地址","台中市西屯區工業區十六路10號","其他資訊","售後服務諮詢請撥04-2359-1842，諮詢時間為週一至週六上午08:30-下午05:40，國定假日除外。"
"TFC_632","en","zh-tw","聯繫我們","TAIWAN FANUC","國家或區域","台灣","電話 ","062823161","06-282-3161","+88662823161","+886-6-282-3161","國際電話","網址","http://www.fanuctaiwan.com.tw","http://www.fanuctaiwan.com.tw","地址","台南市永康區甲頂里中正南路30號6樓","其他資訊","售後服務諮詢請撥06-282-3161，諮詢時間為週一至週六上午08:30-下午05:40，國定假日除外。"
"TFC_632","en","en","Contact Us","TAIWAN FANUC","Country or Region","Taiwan","Phone","062823161","06-282-3161","+88662823161","+886-6-282-3161","International","Web page","http://www.fanuctaiwan.com.tw","http://www.fanuctaiwan.com.tw","Address","6F-1, No.30, Zhongzheng S. Rd., Yongkang Dist., Tainan City 71067, Taiwan (R.O.C.)","Information","Telephone inquiries are accepted at +886-6-282-3161 from 08:30 AM to 05:40 PM on Monday to Saturday."
"TFC_634","en","zh-tw","聯繫我們","TAIWAN FANUC","國家或區域","台灣","電話 ","0285227076","02-8522-7076","+886285227076","+886-2-8522-7076","國際電話","網址","http://www.fanuctaiwan.com.tw","http://www.fanuctaiwan.com.tw","地址","新北市新莊區新北大道3段7號16樓之7","其他資訊","售後服務諮詢請撥02-8522-7076，諮詢時間為週一至週六上午08:30-下午05:40，國定假日除外。"
"TFC_634","en","en","Contact Us","TAIWAN FANUC","Country or Region","Taiwan","Phone","0285227076","02-8522-7076","+886285227076","+886-2-8522-7076","International","Web page","http://www.fanuctaiwan.com.tw","http://www.fanuctaiwan.com.tw","Address","16F-7, No.7, Sec.3, New Taipei Boulevard, Xinzhuang Dist., New Taipei City 24250, Taiwan (R.O.C.)","Information","Telephone inquiries are accepted at +886-2-8522-7076 from 08:30 AM to 05:40 PM on Monday to Saturday."
"TFC_636","en","zh-tw","聯繫我們","TAIWAN FANUC","國家或區域","台灣","電話 ","0423592827","04-2359-2827","+886423592827","+886-4-2359-2827","國際電話","網址","http://www.fanuctaiwan.com.tw","http://www.fanuctaiwan.com.tw","地址","台中市西屯區工業區十六路10號","其他資訊","售後服務諮詢請撥04-2359-2827，諮詢時間為週一至週五上午08:30-下午05:40，國定假日除外。"
"TFC_636","en","en","Contact Us","TAIWAN FANUC","Country or Region","Taiwan","Phone","0423592827","04-2359-2827","+886423592827","+886-4-2359-2827","International","Web page","http://www.fanuctaiwan.com.tw","http://www.fanuctaiwan.com.tw","Address","No. 10, 16th Rd., Taichung Industrial Park, Taichung City 40768, Taiwan (R.O.C.)","Information","Telephone inquiries are accepted at +886-4-2359-2827 from 08:30 AM to 05:40 PM on weekdays."
"TFC_638","en","en","Contact Us","世紀貿易","Country or Region","Taiwan","Phone","0423593117","04-2359-3117","+886423593117","+886-4-2359-3117","International","Web page","https://www.centra.com.tw/home","https://www.centra.com.tw/home","Address","Rm. 11, 2F., No. 210, Gongyequ 38th Rd., Xitun Dist., Taichung City 407, Taiwan (R.O.C.)","Information","Telephone inquiries are accepted at +886-4-2359-3117 from 08:30 AM to 05:30 PM on weekdays."
"TFC_638","en","zh-tw","聯繫我們","世紀貿易","國家或區域","台灣","電話 ","0423593117","04-2359-3117","+886423593117","+886-4-2359-3117","國際電話","網址","https://www.centra.com.tw/home","https://www.centra.com.tw/home","地址","台中市西屯區工業區三十八路210號2樓之11","其他資訊","售後服務諮詢請撥04-2359-3117，諮詢時間為週一至週五上午08:30-下午05:30，國定假日除外。"
"TFC_640","en","en","Contact Us","世紀貿易","Country or Region","Taiwan","Phone","065898339","06-589-8339","+88665898339","+886-6-589-8339","International","Web page","https://www.centra.com.tw/home","https://www.centra.com.tw/home","Address","No. 5-47, Guanghua St., Xinshi Dist., Tainan City 744, Taiwan (R.O.C.)","Information","Telephone inquiries are accepted at +886-6-589-8339 from 08:30 AM to 05:30 PM on weekdays."
"TFC_640","en","zh-tw","聯繫我們","世紀貿易","國家或區域","台灣","電話 ","065898339","06-589-8339","+88665898339","+886-6-589-8339","國際電話","網址","https://www.centra.com.tw/home","https://www.centra.com.tw/home","地址","台南市新市區光華街5之47號","其他資訊","售後服務諮詢請撥06-589-8339，諮詢時間為週一至週五上午08:30-下午05:30，國定假日除外。"
"TFC_642","en","en","Contact Us","世紀貿易","Country or Region","Taiwan","Phone","0222988336","02-2298-8336","+886222988336","+886-2-2298-8336","International","Web page","https://www.centra.com.tw/home","https://www.centra.com.tw/home","Address","Rm. 5, 3F., No. 1, Wuquan 1st Rd., Xinzhuang Dist., New Taipei City 242, Taiwan (R.O.C.)","Information","Telephone inquiries are accepted at +886-2-2298-8336 from 08:30 AM to 05:30 PM on weekdays."
"TFC_642","en","zh-tw","聯繫我們","世紀貿易","國家或區域","台灣","電話 ","0222988336","02-2298-8336","+886222988336","+886-2-2298-8336","國際電話","網址","https://www.centra.com.tw/home","https://www.centra.com.tw/home","地址","新北市新莊區五權ㄧ路1號3樓之5","其他資訊","售後服務諮詢請撥02-2298-8336，諮詢時間為週一至週五上午08:30-下午05:30，國定假日除外。"
"FIL_643","en","si","අප අමතන්න","FANUC INDIA","රටේ හෝ ප්රදේශයේ","ඉන්දියාව","දුරකථන","018001020050","01800-102-0050","+9118001020050","+91-1800-102-0050","අන්තර්ජාතික","වෙබ් පිටුව","http://www.fanucindia.com","http://www.fanucindia.com","ලිපිනය","41-ඒ, ඉලෙක්ට්‍රොනික්ස් සිටි, හොසූර් පාර බැංගලෝර් - 560 100, කර්නාටක, ඉන්දියාව","විස්තර","සඳුදා සිට සෙනසුරාදා දක්වා පැය 09: 00 ~ 19: 30 අතර දුරකථන විමසීම් +91-1800-102-0050 දක්වා පිළිගනු ලැබේ. 24x7 ඔබේ විමසුම් ලොග් කිරීමට www.fanucindia.com හෝ Fanuc India Mobile App භාවිතා කරන්න."
"FIL_643","en","ta","எங்களை தொடர்பு கொள்ள","FANUC INDIA","நாடு அல்லது பிரதேசம்","இந்தியா","தொலைபேசி","018001020050","01800-102-0050","+9118001020050","+91-1800-102-0050","சர்வதேச","வலைப்பக்கம்","http://www.fanucindia.com","http://www.fanucindia.com","முகவரி","41-ஏ, எலெக்ட்ரானிக்ஸ் சிட்டி, ஓசூர் சாலை பெங்களூர் - 560 100, கர்நாடகா, இந்தியா","தகவல்","09: 00 ~ 19: 30 மணிநேரங்களுக்கு இடையே திங்கள் முதல் சனிக்கிழமை வரை +91-1800-102-0050 என்ற தொலைபேசி எண்ணுகள் ஏற்றுக்கொள்ளப்படுகின்றன. உங்கள் கேள்விகளை பதிவு செய்ய 24x7 www.fanucindia.com அல்லது Fanuc India Mobile App ஐப் பயன்படுத்தவும்."
"FIL_643","en","bn","যোগাযোগ করুন","FANUC INDIA","দেশ বা অঞ্চল","ভারত","ফোন","018001020050","01800-102-0050","+9118001020050","+91-1800-102-0050","আন্তর্জাতিক","ওয়েব পৃষ্ঠা","http://www.fanucindia.com","http://www.fanucindia.com","ঠিকানা","41-এ, ইলেক্ট্রনিক্স সিটি, হোসুররোড বেঙ্গালুরু - 560 100, কর্ণাটক, ভারত","তথ্য","টেলিফোন ইনকুরিগুলি সোমবার থেকে শনিবার 09: 00 ~ 19: 30 ঘন্টা এর মধ্যে +91-1800-102-0050 এ গৃহীত হয়। 24x7 আপনার প্রশ্নগুলি লগ করতে www.fanucindia.com বা ফ্যানুক ইন্ডিয়া মোবাইল অ্যাপ্লিকেশন ব্যবহার করুন।"
"FIL_643","en","hi","संपर्क करें","FANUC INDIA","देश या क्षेत्र","भारत","फ़ोन","018001020050","01800-102-0050","+9118001020050","+91-1800-102-0050","अंतरराष्ट्रीय","वेब पृष्ठ","http://www.fanucindia.com","http://www.fanucindia.com","पता","41-ए, इलेक्ट्रॉनिक्स सिटी, होसुर रोड बैंगलोर - 560 100, कर्नाटक, भारत","जानकारी","टेलीफोन इनक्यूकीज +91-1800-102-0050 फ्रॉम सोमवार से शनिवार को 09: 00 ~ 19: 30 बजे के बीच स्वीकार किए जाते हैं। 24x7 अपने प्रश्नों को लॉग इन करने के लिए www.fanucindia.com या फैनुक इंडिया मोबाइल ऐप का उपयोग करें।"
"FIL_643","en","en","Contact Us","FANUC INDIA","Country or Region","India","Phone","018001020050","01800-102-0050","+9118001020050","+91-1800-102-0050","International","Web page","http://www.fanucindia.com","http://www.fanucindia.com","Address","41-A, Electronics City, HosurRoad Bangalore - 560 100, Karnataka, India","Information","Telephone inquries are accepted at  +91-1800-102-0050 frrom Monday  to Saturday between 09:00~19:30hrs. 24x7  use www.fanucindia.com or Fanuc India Mobile App to Log your queries."
"FTH_665","en","th","ติดต่อเรา","FANUC THAI","ประเทศหรือภูมิภาค","ประเทศไทย","โทรศัพท์","027146111","02-714-6111","+6627146111","+66-2-714-6111","ระหว่างประเทศ","หน้าเว็บ","https://www.fanuc.com/fth/th/index.html","https://www.fanuc.com/fth/th/index.html","ที่อยู่","1301 ถนนพัฒนาการ แขวงสวนหลวง เขตสวนหลวง กรุงเทพฯ 10250 ประเทศไทย","รายละเอียด","สอบถามข้อมูลทางโทรศัพท์ได้ที่ +662 7146111 ตั้งแต่ 8.30-17.30 น. ในวันธรรมดาและ 08.30-12.30 น. ในวันเสาร์"
"FTH_665","en","ja","お問い合わせ","FANUC THAI","連絡先の地域","タイ王国","電話番号","027146111","02-714-6111","+6627146111","+66-2-714-6111","国際電話","ウェブサイト","https://www.fanuc.com/fth/th/index.html","https://www.fanuc.com/fth/th/index.html","住所","1301 Pattanakarn Road, Kwaeng Suanluang, Khet Suanluang, Bangkok 10250 Thailand","ご案内","電話でのお問い合わせは、平日の午前8時30分から午後5時30分までと、土曜日の午前8時30分から午後12時30分まで+6627146111で受け付けています。"
"FTH_665","en","en","Contact Us","FANUC THAI","Country or Region","Thailand","Phone","027146111","02-714-6111","+6627146111","+66-2-714-6111","International","Web page","https://www.fanuc.com/fth/th/index.html","https://www.fanuc.com/fth/th/index.html","Address","1301 Pattanakarn Road, Kwaeng Suanluang, Khet Suanluang, Bangkok 10250 Thailand","Information","Telephone inquiries are accepted at +662 7146111 from 8:30am to 5:30pm on weekday and from 8:30am to 12:30pm on Saturdays"
"FMM_671","en","zh-cn","联系我们","FANUC MALAYSIA","国家或地区","马来西亚","电话","0330821222","03-3082-1222","+60330821222","+60-3-3082-1222","国际电话","网址","https://www.fanuc.com/fmm","https://www.fanuc.com/fmm","地址","No. 22, Persiaran Astana / KU 2, Bandar Bukit Raja, 41050 Klang, Selangor Darul Ehsan. Malaysia","备注","工作日上午08:30至下午05:30接受电话咨询，电话 +60-3-3082-1222。"
"FMM_671","en","ja","お問い合わせ","FANUC MALAYSIA","連絡先の地域","マレーシア","電話番号","0330821222","03-3082-1222","+60330821222","+60-3-3082-1222","国際電話","ウェブサイト","https://www.fanuc.com/fmm","https://www.fanuc.com/fmm","住所","No. 22, Persiaran Astana / KU 2, Bandar Bukit Raja, 41050 Klang, Selangor Darul Ehsan. Malaysia","ご案内","電話でのお問合せ +60-3-3082-1222 平日午前08:30～午後05:30"
"FMM_671","en","en","Contact Us","FANUC MALAYSIA","Country or Region","Malaysia","Phone","0330821222","03-3082-1222","+60330821222","+60-3-3082-1222","International","Web page","https://www.fanuc.com/fmm","https://www.fanuc.com/fmm","Address","No. 22, Persiaran Astana / KU 2, Bandar Bukit Raja, 41050 Klang, Selangor Darul Ehsan. Malaysia","Information","Telephone inquiries are accepted at +60-3-3082-1222 from 08:30 am to 05:30 pm on weekdays."
"FMM_671","en","ms","Hubungi Kami","FANUC MALAYSIA","Negara atau Wilayah","Malaysia","Nombor Telefon","0330821222","03-3082-1222","+60330821222","+60-3-3082-1222","Antarabangsa","Laman Sesawang","https://www.fanuc.com/fmm","https://www.fanuc.com/fmm","Alamat","No. 22, Persiaran Astana / KU 2, Bandar Bukit Raja, 41050 Klang, Selangor Darul Ehsan. Malaysia","Maklumat","Pertanyaan melalui telefon diterima di talian +60-3-3082-1222 dari jam 08:30 pagi hingga 05:30 petang pada hari bekerja."
"FIN_677","en","id","Hubungi kami","FANUC INDONESIA","Negara atau Wilayah","Indonesia","Telepon","02145847285","021-4584-7285","+622145847285","+62-21-4584-7285","Internasional","Halaman web","https://www.fanuc.com/fin/id/index.html","https://www.fanuc.com/fin/id/index.html","Alamat","Jl. Boulevard Bukit Gading Raya Blok R, Jakarta 14240, Indonesia","Informasi","Telephone inquiries are accepted at +62-21-4584-7285 from 8 am to 5 pm on weekdays."
"FIN_677","en","en","Contact Us","FANUC INDONESIA","Country or Region","Indonesia","Phone","02145847285","021-4584-7285","+622145847285","+62-21-4584-7285","International","Web page","https://www.fanuc.com/fin/id/index.html","https://www.fanuc.com/fin/id/index.html","Address","Jl. Boulevard Bukit Gading Raya Blok R, Jakarta 14240, Indonesia","Information","Telephone inquiries are accepted at +62-21-4584-7285 from 8 am to 5 pm on weekdays."
"FSP_683","en","en","Contact Us","FANUC SINGAPORE","Country or Region","Singapore","Phone","062203911","06-220-3911","+6562203911","+65-6-220-3911","International","Web page","https://www.fanuc.com/fsp/en/index.html","https://www.fanuc.com/fsp/en/index.html","Address","No.1 Teban Gardens Crescent Jurong, 'SINGAPORE 608919","Information",""
"FPC_693","en","en","Contact Us","FANUC PHILIPPINES","Country or Region","Philippines","Phone","0495460178","049-546-0178","+63495460178","+63-49-546-0178","International","Web page","https://www.fanuc.com/","https://www.fanuc.com/","Address","Unit 1 Orient Goldcrest Bldg. 10, Lot 4, Block 1, Phase 7A, Laguna Techopark, Inc. Biñan, Laguna ","Information","We are open from 8:30AM-5:30PM Monday to Saturday, Please call us on our telephone number  +6349546-0178/79 or you can send your inquiry to info@fpc.fanuc.com"
"FPC_699","en","en","Contact Us","FANUC PHILIPPINES","Country or Region","Philippines","Phone","0495460179","049-546-0179","+63495460179","+63-49-546-0179","International","Web page","https://www.fanuc.com/","https://www.fanuc.com/","Address","Unit 1 Orient Goldcrest Bldg. 10, Lot 4, Block 1, Phase 7A, Laguna Techopark, Inc. Biñan, Laguna ","Information","We are open from 8:30AM-5:30PM Monday to Saturday, Please call us on our telephone number  +6349546-0178/79 or you can send your inquiry to info@fpc.fanuc.com"
"FVL_705","en","en","Contact Us","FANUC VIETNAM","Country or Region","Vietnam","Phone","02873097970","028-73097970","+842873097970","+84-28-73097970","International","Web page","https://www.fanuc.com/fvl","https://www.fanuc.com/fvl","Address","Lot A3b, Road No. 19d and 20a, E-Office Park, Tan Thuan Export Processing Zone,Tan Thuan Dong Ward, District 7, Ho Chi Minh City, Vietnam.","Information","Telephone inquiries are accepted at +84-28-73097970 from 8 am to 5 pm on weekdays. Saturday and Sunday are closed"
"FVL_705","en","vi","Liên hệ với chúng tôi","FANUC VIETNAM","Quốc gia hoặc vùng","Việt Nam","Điện thoại","02873097970","028-73097970","+842873097970","+84-28-73097970","Quốc tế","Trang chủ","https://www.fanuc.com/fvl","https://www.fanuc.com/fvl","Địa chỉ","Lô A3b, đường số 19d và 20a, khu E-Office Park, Khu chế xuất Tân Thuận, phường Tân Thuận Đông, Quận 7, tp Hồ Chí Minh","Thông tin","Quý khách có thể gọi điện vào số  +84-28-73097970 từ thứ 2 đến thứ 6 trong tuần. Thứ 7, chủ nhật công ty nghỉ."
"FOL_717","en","en","Contact Us","FANUC OCEANIA","Country or Region","Australia","Phone","0288224600","02-8822-4600","+61288224600","+61-2-8822-4600","International","Web page","http://www.fanucoceania.com.au","http://www.fanucoceania.com.au","Address","10 Healey Circuit, Huntingwood, NSW 2148, Australia","Information",""
"FOL_723","en","en","Contact Us","FANUC OCEANIA","Country or Region","Australia","Phone","0395353800","03-9535-3800","+61395353800","+61-3-9535-3800","International","Web page","http://www.fanucoceania.com.au","http://www.fanucoceania.com.au","Address","10 Gida Court, Mulgrave, Victoria ,Melbourne, 3170","Information",""
"FOL_729","en","en","Contact Us","FANUC OCEANIA","Country or Region","Australia","Phone","0882400681","08-8240-0681","+61882400681","+61-8-8240-0681","International","Web page","http://www.fanucoceania.com.au","http://www.fanucoceania.com.au","Address","29 Marryatt Street, Port Adelaide, South Australia, 5015","Information",""
"FOL_735","en","en","Contact Us","FANUC OCEANIA","Country or Region","Australia","Phone","0732082210","07-3208-2210","+61732082210","+61-7-3208-2210","International","Web page","http://www.fanucoceania.com.au","http://www.fanucoceania.com.au","Address","Unit 6, 29 Cinderella Dr, Springwood, QLD 4127","Information",""
"FOL_741","en","en","Contact Us","FANUC OCEANIA","Country or Region","New Zealand","Phone","094144285","09-414-4285","+6494144285","+64-9-414-4285","International","Web page","http://www.fanucoceania.com.au","http://www.fanucoceania.com.au","Address","Unit M, 17 Douglas Alexander Parade, North Harbour, AUCKLAND, New Zealand, 0632","Information",""
"FSA_765","en","en","Contact Us","FANUC SOUTH AFRICA","Country or Region","South Africa","Phone","0113923610","011-392-3610","+27113923610","+27-11-392-3610","International","Web page","https://fanuc.co.za","https://fanuc.co.za","Address","17 Loper Avenue, Aeroport Industrial Estates Spartan Ext.2, Johannesburg, R.S.A.","Information","Please contact us at +27-11-392-3610 for phone enquiries during our trading hours (Mon-Thu 8:00-17:00, Fri 8:00-14:30), or alternatively send an email to service@fanuc.co.za"
"DEA_9001","en","en","Contact Us","JLGoor","Country or Region","Ireland","Phone","012868103","01-286-8103","+35312868103","+353-1-286-8103","International","Web page","","","Address","Annacrivey, Glencree Road, Enniskerry, Co.Wicklow, A98 NN50","Information","e-mail: machinery@jlgoor.ie"
"DEA_9002","en","en","Contact Us","AGI","Country or Region","Portugal","Phone","0227537400","022-753-74-00","+351227537400","+351-22-753-74-00","International","Web page","","","Address","Av. Combatentes do Ultramar Português, N.º 1001 4405-942 Vila Nova de Gaia, Portugal","Information","e-mail: geral@agi.pt"
"DEA_9004","en","en","Contact Us","PENTA TRADING, spol. s r.o.","Country or Region","Czech","Phone","0724070070","0724-070-070","+420724070070","+420-724-070-070","International","Web page","","","Address","Centrála Říčany Contera Park, Technická 2246, vchod A4 251 01 Říčany u Prahy","Information","e-mail: servis@penta-edm.cz"
"DEA_9005","en","en","Contact Us","Precisa CNC-Werkzeugmaschinen GmbH","Country or Region","Austria","Phone","016174777","01617-4777","+4316174777","+43-1617-4777","International","Web page","","","Address","Slamastrasse 29. 1230 Wien","Information","e-mail: office@precisa.at"
"DEA_9006","en","en","Contact Us","PENTA SLOVENSKO, s.r.o.","Country or Region","Slovakia","Phone","0524180201","052-4180-201","+421524180201","+421-52-4180-201","International","Web page","","","Address","Priemyselný areál Poprad - Východ Hodžova 4944 058 01 Poprad, Slovensko","Information","e-mail: penta@penta-edm.sk"
