"Key","CountryCode","ModelName","ModelId"
"FKS_600","KR","CNC","1"
"FKS_600","KR","LASER","7"
"FKS_600","KR","ROBOT","2"
"FKS_600","KR","ROBODRILL","3"
"FKS_600","KR","ROBOSHOT","5"
"FKS_600","KR","ROBOCUT","4"
"FKS_606","KR","CNC","1"
"FKS_606","KR","LASER","7"
"FKS_606","KR","ROBOT","2"
"FKS_606","KR","ROBODRILL","3"
"FKS_606","KR","ROBOSHOT","5"
"FKS_606","KR","ROBOCUT","4"
"FKS_612","KR","CNC","1"
"FKS_612","KR","LASER","7"
"FKS_612","KR","ROBOT","2"
"FKS_612","KR","ROBODRILL","3"
"FKS_612","KR","ROBOSHOT","5"
"FKS_612","KR","ROBOCUT","4"
"FKS_618","KR","CNC","1"
"FKS_618","KR","LASER","7"
"FKS_618","KR","ROBOT","2"
"FKS_618","KR","ROBODRILL","3"
"FKS_618","KR","ROBOSHOT","5"
"FKS_618","KR","ROBOCUT","4"
"FKS_624","KR","CNC","1"
"FKS_624","KR","LASER","7"
"FKS_624","KR","ROBOT","2"
"FKS_624","KR","ROBODRILL","3"
"FKS_624","KR","ROBOSHOT","5"
"FKS_624","KR","ROBOCUT","4"
"FKS_600","KR","CNC","1"
"FKS_600","KR","LASER","7"
"FKS_600","KR","ROBOT","2"
"FKS_600","KR","ROBODRILL","3"
"FKS_600","KR","ROBOSHOT","5"
"FKS_600","KR","ROBOCUT","4"
"FKS_606","KR","CNC","1"
"FKS_606","KR","LASER","7"
"FKS_606","KR","ROBOT","2"
"FKS_606","KR","ROBODRILL","3"
"FKS_606","KR","ROBOSHOT","5"
"FKS_606","KR","ROBOCUT","4"
"FKS_612","KR","CNC","1"
"FKS_612","KR","LASER","7"
"FKS_612","KR","ROBOT","2"
"FKS_612","KR","ROBODRILL","3"
"FKS_612","KR","ROBOSHOT","5"
"FKS_612","KR","ROBOCUT","4"
"FKS_618","KR","CNC","1"
"FKS_618","KR","LASER","7"
"FKS_618","KR","ROBOT","2"
"FKS_618","KR","ROBODRILL","3"
"FKS_618","KR","ROBOSHOT","5"
"FKS_618","KR","ROBOCUT","4"
"FKS_624","KR","CNC","1"
"FKS_624","KR","LASER","7"
"FKS_624","KR","ROBOT","2"
"FKS_624","KR","ROBODRILL","3"
"FKS_624","KR","ROBOSHOT","5"
"FKS_624","KR","ROBOCUT","4"
"FVL_705","VN","CNC","1"
"FVL_705","VN","LASER","7"
"FVL_705","VN","ROBOT","2"
"FVL_705","VN","ROBODRILL","3"
"FVL_705","VN","ROBOSHOT","5"
"FVL_705","VN","ROBOCUT","4"
"FVL_705","VN","CNC","1"
"FVL_705","VN","LASER","7"
"FVL_705","VN","ROBOT","2"
"FVL_705","VN","ROBODRILL","3"
"FVL_705","VN","ROBOSHOT","5"
"FVL_705","VN","ROBOCUT","4"
"FSA_765","BW","CNC","1"
"FSA_765","BW","LASER","7"
"FSA_765","BW","ROBOT","2"
"FSA_765","BW","ROBODRILL","3"
"FSA_765","BW","ROBOSHOT","5"
"FSA_765","BW","ROBOCUT","4"
"FSA_765","SZ","CNC","1"
"FSA_765","SZ","LASER","7"
"FSA_765","SZ","ROBOT","2"
"FSA_765","SZ","ROBODRILL","3"
"FSA_765","SZ","ROBOSHOT","5"
"FSA_765","SZ","ROBOCUT","4"
"FSA_765","LS","CNC","1"
"FSA_765","LS","LASER","7"
"FSA_765","LS","ROBOT","2"
"FSA_765","LS","ROBODRILL","3"
"FSA_765","LS","ROBOSHOT","5"
"FSA_765","LS","ROBOCUT","4"
"FSA_765","NA","CNC","1"
"FSA_765","NA","LASER","7"
"FSA_765","NA","ROBOT","2"
"FSA_765","NA","ROBODRILL","3"
"FSA_765","NA","ROBOSHOT","5"
"FSA_765","NA","ROBOCUT","4"
"FSA_765","ZA","CNC","1"
"FSA_765","ZA","LASER","7"
"FSA_765","ZA","ROBOT","2"
"FSA_765","ZA","ROBODRILL","3"
"FSA_765","ZA","ROBOSHOT","5"
"FSA_765","ZA","ROBOCUT","4"
"FSA_765","ZW","CNC","1"
"FSA_765","ZW","LASER","7"
"FSA_765","ZW","ROBOT","2"
"FSA_765","ZW","ROBODRILL","3"
"FSA_765","ZW","ROBOSHOT","5"
"FSA_765","ZW","ROBOCUT","4"
"SFR_592","CN","ROBOT","2"
"SFR_599","CN","ROBOSHOT","5"
"SFR_599","CN","ROBODRILL","3"
"SFR_599","CN","ROBOCUT","4"
"SFR_592","CN","ROBOT","2"
"SFR_599","CN","ROBOSHOT","5"
"SFR_599","CN","ROBODRILL","3"
"SFR_599","CN","ROBOCUT","4"
"SFR_592","CN","ROBOT","2"
"SFR_599","CN","ROBOSHOT","5"
"SFR_599","CN","ROBODRILL","3"
"SFR_599","CN","ROBOCUT","4"
"SFR_592","CN","ROBOT","2"
"SFR_599","CN","ROBOSHOT","5"
"SFR_599","CN","ROBODRILL","3"
"SFR_599","CN","ROBOCUT","4"
"FAC_7","US","CNC","1"
"FAC_7","US","LASER","7"
"FAC_7","US","ROBOT","2"
"FAC_7","US","ROBODRILL","3"
"FAC_11","US","ROBODRILL","3"
"FAC_12","US","ROBOSHOT","5"
"FAC_11","US","ROBOCUT","4"
"FAC_15","CA","CNC","1"
"FAC_15","CA","LASER","7"
"FAC_17","CA","ROBOT","2"
"FAC_15","CA","ROBODRILL","3"
"FAC_19","CA","ROBODRILL","3"
"FAC_15","CA","ROBOCUT","4"
"FAC_19","CA","ROBOCUT","4"
"BFM_574","CN","CNC","1"
"BFM_574","CN","CNC","1"
"BFM_574","CN","CNC","1"
"BFM_574","CN","CNC","1"
"FMS_31","MX","CNC","1"
"FMS_31","MX","LASER","7"
"FMS_31","MX","ROBOT","2"
"FMS_31","MX","ROBODRILL","3"
"FMS_31","MX","ROBOCUT","4"
"FMS_31","CR","CNC","1"
"FMS_31","CR","LASER","7"
"FMS_31","CR","ROBOT","2"
"FMS_31","CR","ROBODRILL","3"
"FMS_31","CR","ROBOCUT","4"
"FMS_31","BZ","CNC","1"
"FMS_31","BZ","LASER","7"
"FMS_31","BZ","ROBOT","2"
"FMS_31","BZ","ROBODRILL","3"
"FMS_31","BZ","ROBOCUT","4"
"FMS_31","GT","CNC","1"
"FMS_31","GT","LASER","7"
"FMS_31","GT","ROBOT","2"
"FMS_31","GT","ROBODRILL","3"
"FMS_31","GT","ROBOCUT","4"
"FMS_31","HN","CNC","1"
"FMS_31","HN","LASER","7"
"FMS_31","HN","ROBOT","2"
"FMS_31","HN","ROBODRILL","3"
"FMS_31","HN","ROBOCUT","4"
"FMS_31","SV","CNC","1"
"FMS_31","SV","LASER","7"
"FMS_31","SV","ROBOT","2"
"FMS_31","SV","ROBODRILL","3"
"FMS_31","SV","ROBOCUT","4"
"FMS_31","NI","CNC","1"
"FMS_31","NI","LASER","7"
"FMS_31","NI","ROBOT","2"
"FMS_31","NI","ROBODRILL","3"
"FMS_31","NI","ROBOCUT","4"
"FMS_31","PA","CNC","1"
"FMS_31","PA","LASER","7"
"FMS_31","PA","ROBOT","2"
"FMS_31","PA","ROBODRILL","3"
"FMS_31","PA","ROBOCUT","4"
"FMS_31","MX","CNC","1"
"FMS_31","MX","LASER","7"
"FMS_31","MX","ROBOT","2"
"FMS_31","MX","ROBODRILL","3"
"FMS_31","MX","ROBOCUT","4"
"FMS_31","CR","CNC","1"
"FMS_31","CR","LASER","7"
"FMS_31","CR","ROBOT","2"
"FMS_31","CR","ROBODRILL","3"
"FMS_31","CR","ROBOCUT","4"
"FMS_31","BZ","CNC","1"
"FMS_31","BZ","LASER","7"
"FMS_31","BZ","ROBOT","2"
"FMS_31","BZ","ROBODRILL","3"
"FMS_31","BZ","ROBOCUT","4"
"FMS_31","GT","CNC","1"
"FMS_31","GT","LASER","7"
"FMS_31","GT","ROBOT","2"
"FMS_31","GT","ROBODRILL","3"
"FMS_31","GT","ROBOCUT","4"
"FMS_31","HN","CNC","1"
"FMS_31","HN","LASER","7"
"FMS_31","HN","ROBOT","2"
"FMS_31","HN","ROBODRILL","3"
"FMS_31","HN","ROBOCUT","4"
"FMS_31","SV","CNC","1"
"FMS_31","SV","LASER","7"
"FMS_31","SV","ROBOT","2"
"FMS_31","SV","ROBODRILL","3"
"FMS_31","SV","ROBOCUT","4"
"FMS_31","NI","CNC","1"
"FMS_31","NI","LASER","7"
"FMS_31","NI","ROBOT","2"
"FMS_31","NI","ROBODRILL","3"
"FMS_31","NI","ROBOCUT","4"
"FMS_31","PA","CNC","1"
"FMS_31","PA","LASER","7"
"FMS_31","PA","ROBOT","2"
"FMS_31","PA","ROBODRILL","3"
"FMS_31","PA","ROBOCUT","4"
"FIN_677","ID","CNC","1"
"FIN_677","ID","LASER","7"
"FIN_677","ID","ROBOT","2"
"FIN_677","ID","ROBODRILL","3"
"FIN_677","ID","ROBOSHOT","5"
"FIN_677","ID","ROBOCUT","4"
"FIN_677","ID","CNC","1"
"FIN_677","ID","LASER","7"
"FIN_677","ID","ROBOT","2"
"FIN_677","ID","ROBODRILL","3"
"FIN_677","ID","ROBOSHOT","5"
"FIN_677","ID","ROBOCUT","4"
"FMM_671","MY","CNC","1"
"FMM_671","MY","LASER","7"
"FMM_671","MY","ROBOT","2"
"FMM_671","MY","ROBODRILL","3"
"FMM_671","MY","ROBOSHOT","5"
"FMM_671","MY","ROBOCUT","4"
"FMM_671","MY","CNC","1"
"FMM_671","MY","LASER","7"
"FMM_671","MY","ROBOT","2"
"FMM_671","MY","ROBODRILL","3"
"FMM_671","MY","ROBOSHOT","5"
"FMM_671","MY","ROBOCUT","4"
"FMM_671","MY","CNC","1"
"FMM_671","MY","LASER","7"
"FMM_671","MY","ROBOT","2"
"FMM_671","MY","ROBODRILL","3"
"FMM_671","MY","ROBOSHOT","5"
"FMM_671","MY","ROBOCUT","4"
"FMM_671","MY","CNC","1"
"FMM_671","MY","LASER","7"
"FMM_671","MY","ROBOT","2"
"FMM_671","MY","ROBODRILL","3"
"FMM_671","MY","ROBOSHOT","5"
"FMM_671","MY","ROBOCUT","4"
"FSO_95","BR","CNC","1"
"FSO_95","BR","LASER","7"
"FSO_97","BR","ROBOT","2"
"FSO_95","BR","ROBODRILL","3"
"FSO_100","BR","ROBOSHOT","5"
"FSO_95","BR","ROBOCUT","4"
"FSO_103","AR","CNC","1"
"FSO_103","AR","LASER","7"
"FSO_97","AR","ROBOT","2"
"FSO_103","AR","ROBODRILL","3"
"FSO_100","AR","ROBOSHOT","5"
"FSO_103","AR","ROBOCUT","4"
"FSO_103","CL","CNC","1"
"FSO_103","CL","LASER","7"
"FSO_97","CL","ROBOT","2"
"FSO_103","CL","ROBODRILL","3"
"FSO_100","CL","ROBOSHOT","5"
"FSO_103","CL","ROBOCUT","4"
"FSO_103","UY","CNC","1"
"FSO_103","UY","LASER","7"
"FSO_97","UY","ROBOT","2"
"FSO_103","UY","ROBODRILL","3"
"FSO_100","UY","ROBOSHOT","5"
"FSO_103","UY","ROBOCUT","4"
"FSO_103","PY","CNC","1"
"FSO_103","PY","LASER","7"
"FSO_97","PY","ROBOT","2"
"FSO_103","PY","ROBODRILL","3"
"FSO_100","PY","ROBOSHOT","5"
"FSO_103","PY","ROBOCUT","4"
"FSO_103","GF","CNC","1"
"FSO_103","GF","LASER","7"
"FSO_97","GF","ROBOT","2"
"FSO_103","GF","ROBODRILL","3"
"FSO_100","GF","ROBOSHOT","5"
"FSO_103","GF","ROBOCUT","4"
"FSO_103","SR","CNC","1"
"FSO_103","SR","LASER","7"
"FSO_97","SR","ROBOT","2"
"FSO_103","SR","ROBODRILL","3"
"FSO_100","SR","ROBOSHOT","5"
"FSO_103","SR","ROBOCUT","4"
"FSO_103","GY","CNC","1"
"FSO_103","GY","LASER","7"
"FSO_97","GY","ROBOT","2"
"FSO_103","GY","ROBODRILL","3"
"FSO_100","GY","ROBOSHOT","5"
"FSO_103","GY","ROBOCUT","4"
"FSO_103","VE","CNC","1"
"FSO_103","VE","LASER","7"
"FSO_97","VE","ROBOT","2"
"FSO_103","VE","ROBODRILL","3"
"FSO_100","VE","ROBOSHOT","5"
"FSO_103","VE","ROBOCUT","4"
"FSO_103","CO","CNC","1"
"FSO_103","CO","LASER","7"
"FSO_97","CO","ROBOT","2"
"FSO_103","CO","ROBODRILL","3"
"FSO_100","CO","ROBOSHOT","5"
"FSO_103","CO","ROBOCUT","4"
"FSO_103","EC","CNC","1"
"FSO_103","EC","LASER","7"
"FSO_97","EC","ROBOT","2"
"FSO_103","EC","ROBODRILL","3"
"FSO_100","EC","ROBOSHOT","5"
"FSO_103","EC","ROBOCUT","4"
"FSO_103","PE","CNC","1"
"FSO_103","PE","LASER","7"
"FSO_97","PE","ROBOT","2"
"FSO_103","PE","ROBODRILL","3"
"FSO_100","PE","ROBOSHOT","5"
"FSO_103","PE","ROBOCUT","4"
"FSO_103","BO","CNC","1"
"FSO_103","BO","LASER","7"
"FSO_97","BO","ROBOT","2"
"FSO_103","BO","ROBODRILL","3"
"FSO_100","BO","ROBOSHOT","5"
"FSO_103","BO","ROBOCUT","4"
"FSO_103","TT","CNC","1"
"FSO_103","TT","LASER","7"
"FSO_97","TT","ROBOT","2"
"FSO_103","TT","ROBODRILL","3"
"FSO_100","TT","ROBOSHOT","5"
"FSO_103","TT","ROBOCUT","4"
"FSO_95","BR","CNC","1"
"FSO_95","BR","LASER","7"
"FSO_97","BR","ROBOT","2"
"FSO_95","BR","ROBODRILL","3"
"FSO_95","BR","ROBOCUT","4"
"FSO_103","AR","CNC","1"
"FSO_103","AR","LASER","7"
"FSO_97","AR","ROBOT","2"
"FSO_103","AR","ROBODRILL","3"
"FSO_103","AR","ROBOCUT","4"
"FSO_103","CL","CNC","1"
"FSO_103","CL","LASER","7"
"FSO_97","CL","ROBOT","2"
"FSO_103","CL","ROBODRILL","3"
"FSO_103","CL","ROBOCUT","4"
"FSO_103","UY","CNC","1"
"FSO_103","UY","LASER","7"
"FSO_97","UY","ROBOT","2"
"FSO_103","UY","ROBODRILL","3"
"FSO_103","UY","ROBOCUT","4"
"FSO_103","PY","CNC","1"
"FSO_103","PY","LASER","7"
"FSO_97","PY","ROBOT","2"
"FSO_103","PY","ROBODRILL","3"
"FSO_103","PY","ROBOCUT","4"
"FSO_103","GF","CNC","1"
"FSO_103","GF","LASER","7"
"FSO_97","GF","ROBOT","2"
"FSO_103","GF","ROBODRILL","3"
"FSO_103","GF","ROBOCUT","4"
"FSO_103","SR","CNC","1"
"FSO_103","SR","LASER","7"
"FSO_97","SR","ROBOT","2"
"FSO_103","SR","ROBODRILL","3"
"FSO_103","SR","ROBOCUT","4"
"FSO_103","GY","CNC","1"
"FSO_103","GY","LASER","7"
"FSO_97","GY","ROBOT","2"
"FSO_103","GY","ROBODRILL","3"
"FSO_103","GY","ROBOCUT","4"
"FSO_103","VE","CNC","1"
"FSO_103","VE","LASER","7"
"FSO_97","VE","ROBOT","2"
"FSO_103","VE","ROBODRILL","3"
"FSO_103","VE","ROBOCUT","4"
"FSO_103","CO","CNC","1"
"FSO_103","CO","LASER","7"
"FSO_97","CO","ROBOT","2"
"FSO_103","CO","ROBODRILL","3"
"FSO_103","CO","ROBOCUT","4"
"FSO_103","EC","CNC","1"
"FSO_103","EC","LASER","7"
"FSO_97","EC","ROBOT","2"
"FSO_103","EC","ROBODRILL","3"
"FSO_103","EC","ROBOCUT","4"
"FSO_103","PE","CNC","1"
"FSO_103","PE","LASER","7"
"FSO_97","PE","ROBOT","2"
"FSO_103","PE","ROBODRILL","3"
"FSO_103","PE","ROBOCUT","4"
"FSO_103","BO","CNC","1"
"FSO_103","BO","LASER","7"
"FSO_97","BO","ROBOT","2"
"FSO_103","BO","ROBODRILL","3"
"FSO_103","BO","ROBOCUT","4"
"FSO_103","TT","CNC","1"
"FSO_103","TT","LASER","7"
"FSO_97","TT","ROBOT","2"
"FSO_103","TT","ROBODRILL","3"
"FSO_103","TT","ROBOCUT","4"
"FCH_423","CH","CNC","1"
"FCH_423","CH","LASER","7"
"FCH_423","CH","ROBOT","2"
"FCH_423","CH","ROBODRILL","3"
"FCH_423","CH","ROBOSHOT","5"
"FCH_423","CH","ROBOCUT","4"
"FCH_423","LI","CNC","1"
"FCH_423","LI","LASER","7"
"FCH_423","LI","ROBOT","2"
"FCH_423","LI","ROBODRILL","3"
"FCH_423","LI","ROBOSHOT","5"
"FCH_423","LI","ROBOCUT","4"
"FCH_423","CH","CNC","1"
"FCH_423","CH","LASER","7"
"FCH_423","CH","ROBOT","2"
"FCH_423","CH","ROBODRILL","3"
"FCH_423","CH","ROBOSHOT","5"
"FCH_423","CH","ROBOCUT","4"
"FCH_423","LI","CNC","1"
"FCH_423","LI","LASER","7"
"FCH_423","LI","ROBOT","2"
"FCH_423","LI","ROBODRILL","3"
"FCH_423","LI","ROBOSHOT","5"
"FCH_423","LI","ROBOCUT","4"
"FCH_423","CH","CNC","1"
"FCH_423","CH","LASER","7"
"FCH_423","CH","ROBOT","2"
"FCH_423","CH","ROBODRILL","3"
"FCH_423","CH","ROBOSHOT","5"
"FCH_423","CH","ROBOCUT","4"
"FCH_423","LI","CNC","1"
"FCH_423","LI","LASER","7"
"FCH_423","LI","ROBOT","2"
"FCH_423","LI","ROBODRILL","3"
"FCH_423","LI","ROBOSHOT","5"
"FCH_423","LI","ROBOCUT","4"
"FCH_423","CH","CNC","1"
"FCH_423","CH","LASER","7"
"FCH_423","CH","ROBOT","2"
"FCH_423","CH","ROBODRILL","3"
"FCH_423","CH","ROBOSHOT","5"
"FCH_423","CH","ROBOCUT","4"
"FCH_423","LI","CNC","1"
"FCH_423","LI","LASER","7"
"FCH_423","LI","ROBOT","2"
"FCH_423","LI","ROBODRILL","3"
"FCH_423","LI","ROBOSHOT","5"
"FCH_423","LI","ROBOCUT","4"
"TFC_630","TW","CNC","1"
"TFC_630","TW","LASER","7"
"TFC_632","TW","CNC","1"
"TFC_632","TW","LASER","7"
"TFC_634","TW","CNC","1"
"TFC_634","TW","LASER","7"
"TFC_636","TW","ROBOT","2"
"TFC_630","TW","ROBODRILL","3"
"TFC_630","TW","ROBOCUT","4"
"TFC_630","TW","ROBOSHOT","5"
"TFC_638","TW","ROBOCUT","4"
"TFC_638","TW","ROBODRILL","3"
"TFC_638","TW","ROBOSHOT","5"
"TFC_632","TW","ROBOSHOT","5"
"TFC_632","TW","ROBODRILL","3"
"TFC_632","TW","ROBOCUT","4"
"TFC_640","TW","ROBODRILL","3"
"TFC_640","TW","ROBOCUT","4"
"TFC_640","TW","ROBOSHOT","5"
"TFC_634","TW","ROBOSHOT","5"
"TFC_634","TW","ROBOCUT","4"
"TFC_634","TW","ROBODRILL","3"
"TFC_642","TW","ROBOCUT","4"
"TFC_642","TW","ROBODRILL","3"
"TFC_642","TW","ROBOSHOT","5"
"TFC_630","TW","CNC","1"
"TFC_630","TW","LASER","7"
"TFC_632","TW","CNC","1"
"TFC_632","TW","LASER","7"
"TFC_634","TW","CNC","1"
"TFC_634","TW","LASER","7"
"TFC_636","TW","ROBOT","2"
"TFC_630","TW","ROBODRILL","3"
"TFC_630","TW","ROBOCUT","4"
"TFC_630","TW","ROBOSHOT","5"
"TFC_638","TW","ROBOCUT","4"
"TFC_638","TW","ROBODRILL","3"
"TFC_638","TW","ROBOSHOT","5"
"TFC_632","TW","ROBOSHOT","5"
"TFC_632","TW","ROBODRILL","3"
"TFC_632","TW","ROBOCUT","4"
"TFC_640","TW","ROBODRILL","3"
"TFC_640","TW","ROBOCUT","4"
"TFC_640","TW","ROBOSHOT","5"
"TFC_634","TW","ROBOSHOT","5"
"TFC_634","TW","ROBOCUT","4"
"TFC_634","TW","ROBODRILL","3"
"TFC_642","TW","ROBOCUT","4"
"TFC_642","TW","ROBODRILL","3"
"TFC_642","TW","ROBOSHOT","5"
"FHU_369","HU","CNC","1"
"FHU_369","HU","LASER","7"
"FHU_371","HU","ROBOT","2"
"FHU_369","HU","ROBODRILL","3"
"FHU_373","HU","ROBOSHOT","5"
"FHU_373","HU","ROBOCUT","4"
"FHU_369","HU","CNC","1"
"FHU_369","HU","LASER","7"
"FHU_371","HU","ROBOT","2"
"FHU_369","HU","ROBODRILL","3"
"FHU_373","HU","ROBOSHOT","5"
"FHU_373","HU","ROBOCUT","4"
"FIS_333","IL","CNC","1"
"FIS_334","IL","LASER","7"
"FIS_335","IL","ROBOT","2"
"FIS_336","IL","ROBODRILL","3"
"FIS_337","IL","ROBOSHOT","5"
"FIS_338","IL","ROBOCUT","4"
"FIS_333","IL","CNC","1"
"FIS_334","IL","LASER","7"
"FIS_335","IL","ROBOT","2"
"FIS_336","IL","ROBODRILL","3"
"FIS_337","IL","ROBOSHOT","5"
"FIS_338","IL","ROBOCUT","4"
"FPL_375","PL","CNC","1"
"FPL_375","PL","LASER","7"
"FPL_377","PL","ROBOT","2"
"FPL_375","PL","ROBODRILL","3"
"FPL_375","PL","ROBOSHOT","5"
"FPL_375","PL","ROBOCUT","4"
"FPL_375","PL","CNC","1"
"FPL_375","PL","LASER","7"
"FPL_377","PL","ROBOT","2"
"FPL_375","PL","ROBODRILL","3"
"FPL_375","PL","ROBOSHOT","5"
"FPL_375","PL","ROBOCUT","4"
"FDE_207","DE","CNC","1"
"FDE_207","DE","LASER","7"
"FDE_207","DE","ROBOT","2"
"FDE_207","DE","ROBODRILL","3"
"FDE_207","DE","ROBOSHOT","5"
"FDE_207","DE","ROBOCUT","4"
"FDE_207","DE","CNC","1"
"FDE_207","DE","LASER","7"
"FDE_207","DE","ROBOT","2"
"FDE_207","DE","ROBODRILL","3"
"FDE_207","DE","ROBOSHOT","5"
"FDE_207","DE","ROBOCUT","4"
"FSK_507","SK","CNC","1"
"FSK_507","SK","LASER","7"
"FSK_507","SK","ROBOT","2"
"FSK_507","SK","ROBODRILL","3"
"FSK_507","SK","ROBOSHOT","5"
"FSK_507","SK","ROBOCUT","4"
"FSK_507","SK","CNC","1"
"FSK_507","SK","LASER","7"
"FSK_507","SK","ROBOT","2"
"FSK_507","SK","ROBODRILL","3"
"FSK_507","SK","ROBOSHOT","5"
"FSK_507","SK","ROBOCUT","4"
"FFR_213","FR","CNC","1"
"FFR_213","FR","LASER","7"
"FFR_215","FR","ROBOT","2"
"FFR_213","FR","ROBODRILL","3"
"FFR_217","FR","ROBOSHOT","5"
"FFR_218","FR","ROBOCUT","4"
"FFR_213","TN","CNC","1"
"FFR_213","TN","LASER","7"
"FFR_215","TN","ROBOT","2"
"FFR_213","TN","ROBODRILL","3"
"FFR_217","TN","ROBOSHOT","5"
"FFR_218","TN","ROBOCUT","4"
"FFR_213","DZ","CNC","1"
"FFR_213","DZ","LASER","7"
"FFR_215","DZ","ROBOT","2"
"FFR_213","DZ","ROBODRILL","3"
"FFR_217","DZ","ROBOSHOT","5"
"FFR_218","DZ","ROBOCUT","4"
"FFR_213","EG","CNC","1"
"FFR_213","EG","LASER","7"
"FFR_215","EG","ROBOT","2"
"FFR_213","EG","ROBODRILL","3"
"FFR_217","EG","ROBOSHOT","5"
"FFR_218","EG","ROBOCUT","4"
"FFR_213","MC","CNC","1"
"FFR_213","MC","LASER","7"
"FFR_215","MC","ROBOT","2"
"FFR_213","MC","ROBODRILL","3"
"FFR_217","MC","ROBOSHOT","5"
"FFR_218","MC","ROBOCUT","4"
"FFR_213","MA","CNC","1"
"FFR_213","MA","LASER","7"
"FFR_215","MA","ROBOT","2"
"FFR_213","MA","ROBODRILL","3"
"FFR_217","MA","ROBOSHOT","5"
"FFR_218","MA","ROBOCUT","4"
"FFR_213","FR","CNC","1"
"FFR_213","FR","LASER","7"
"FFR_215","FR","ROBOT","2"
"FFR_213","FR","ROBODRILL","3"
"FFR_217","FR","ROBOSHOT","5"
"FFR_218","FR","ROBOCUT","4"
"FFR_213","TN","CNC","1"
"FFR_213","TN","LASER","7"
"FFR_215","TN","ROBOT","2"
"FFR_213","TN","ROBODRILL","3"
"FFR_217","TN","ROBOSHOT","5"
"FFR_218","TN","ROBOCUT","4"
"FFR_213","DZ","CNC","1"
"FFR_213","DZ","LASER","7"
"FFR_215","DZ","ROBOT","2"
"FFR_213","DZ","ROBODRILL","3"
"FFR_217","DZ","ROBOSHOT","5"
"FFR_218","DZ","ROBOCUT","4"
"FFR_213","EG","CNC","1"
"FFR_213","EG","LASER","7"
"FFR_215","EG","ROBOT","2"
"FFR_213","EG","ROBODRILL","3"
"FFR_217","EG","ROBOSHOT","5"
"FFR_218","EG","ROBOCUT","4"
"FFR_213","MC","CNC","1"
"FFR_213","MC","LASER","7"
"FFR_215","MC","ROBOT","2"
"FFR_213","MC","ROBODRILL","3"
"FFR_217","MC","ROBOSHOT","5"
"FFR_218","MC","ROBOCUT","4"
"FFR_213","MA","CNC","1"
"FFR_213","MA","LASER","7"
"FFR_215","MA","ROBOT","2"
"FFR_213","MA","ROBODRILL","3"
"FFR_217","MA","ROBOSHOT","5"
"FFR_218","MA","ROBOCUT","4"
"FUK_261","GB","CNC","1"
"FUK_261","GB","LASER","7"
"FUK_261","GB","ROBOT","2"
"FUK_261","GB","ROBODRILL","3"
"FUK_261","GB","ROBOSHOT","5"
"FUK_261","GB","ROBOCUT","4"
"FUK_261","IE","CNC","1"
"FUK_261","IE","LASER","7"
"FUK_261","IE","ROBOT","2"
"FUK_261","IE","ROBODRILL","3"
"FUK_261","IE","ROBOSHOT","5"
"FUK_261","IE","ROBOCUT","4"
"FUK_261","IS","CNC","1"
"FUK_261","IS","LASER","7"
"FUK_261","IS","ROBOT","2"
"FUK_261","IS","ROBODRILL","3"
"FUK_261","IS","ROBOSHOT","5"
"FUK_261","IS","ROBOCUT","4"
"FUK_261","MT","CNC","1"
"FUK_261","MT","LASER","7"
"FUK_261","MT","ROBOT","2"
"FUK_261","MT","ROBODRILL","3"
"FUK_261","MT","ROBOSHOT","5"
"FUK_261","MT","ROBOCUT","4"
"FUK_261","GB","CNC","1"
"FUK_261","GB","LASER","7"
"FUK_261","GB","ROBOT","2"
"FUK_261","GB","ROBODRILL","3"
"FUK_261","GB","ROBOSHOT","5"
"FUK_261","GB","ROBOCUT","4"
"FUK_261","IE","CNC","1"
"FUK_261","IE","LASER","7"
"FUK_261","IE","ROBOT","2"
"FUK_261","IE","ROBODRILL","3"
"FUK_261","IE","ROBOSHOT","5"
"FUK_261","IE","ROBOCUT","4"
"FUK_261","IS","CNC","1"
"FUK_261","IS","LASER","7"
"FUK_261","IS","ROBOT","2"
"FUK_261","IS","ROBODRILL","3"
"FUK_261","IS","ROBOSHOT","5"
"FUK_261","IS","ROBOCUT","4"
"FUK_261","MT","CNC","1"
"FUK_261","MT","LASER","7"
"FUK_261","MT","ROBOT","2"
"FUK_261","MT","ROBODRILL","3"
"FUK_261","MT","ROBOSHOT","5"
"FUK_261","MT","ROBOCUT","4"
"FUK_261","GB","CNC","1"
"FUK_261","GB","LASER","7"
"FUK_261","GB","ROBOT","2"
"FUK_261","GB","ROBODRILL","3"
"FUK_261","GB","ROBOSHOT","5"
"FUK_261","GB","ROBOCUT","4"
"FUK_261","IE","CNC","1"
"FUK_261","IE","LASER","7"
"FUK_261","IE","ROBOT","2"
"FUK_261","IE","ROBODRILL","3"
"FUK_261","IE","ROBOSHOT","5"
"FUK_261","IE","ROBOCUT","4"
"FUK_261","IS","CNC","1"
"FUK_261","IS","LASER","7"
"FUK_261","IS","ROBOT","2"
"FUK_261","IS","ROBODRILL","3"
"FUK_261","IS","ROBOSHOT","5"
"FUK_261","IS","ROBOCUT","4"
"FUK_261","MT","CNC","1"
"FUK_261","MT","LASER","7"
"FUK_261","MT","ROBOT","2"
"FUK_261","MT","ROBODRILL","3"
"FUK_261","MT","ROBOSHOT","5"
"FUK_261","MT","ROBOCUT","4"
"FUK_261","GB","CNC","1"
"FUK_261","GB","LASER","7"
"FUK_261","GB","ROBOT","2"
"FUK_261","GB","ROBODRILL","3"
"FUK_261","GB","ROBOSHOT","5"
"FUK_261","GB","ROBOCUT","4"
"FUK_261","IE","CNC","1"
"FUK_261","IE","LASER","7"
"FUK_261","IE","ROBOT","2"
"FUK_261","IE","ROBODRILL","3"
"FUK_261","IE","ROBOSHOT","5"
"FUK_261","IE","ROBOCUT","4"
"FUK_261","IS","CNC","1"
"FUK_261","IS","LASER","7"
"FUK_261","IS","ROBOT","2"
"FUK_261","IS","ROBODRILL","3"
"FUK_261","IS","ROBOSHOT","5"
"FUK_261","IS","ROBOCUT","4"
"FUK_261","MT","CNC","1"
"FUK_261","MT","LASER","7"
"FUK_261","MT","ROBOT","2"
"FUK_261","MT","ROBODRILL","3"
"FUK_261","MT","ROBOSHOT","5"
"FUK_261","MT","ROBOCUT","4"
"FOE_489","AT","CNC","1"
"FOE_489","AT","LASER","7"
"FOE_489","AT","ROBOT","2"
"FOE_489","AT","ROBODRILL","3"
"FOE_489","AT","ROBOSHOT","5"
"FOE_489","AT","ROBOCUT","4"
"FOE_489","AT","CNC","1"
"FOE_489","AT","LASER","7"
"FOE_489","AT","ROBOT","2"
"FOE_489","AT","ROBODRILL","3"
"FOE_489","AT","ROBOSHOT","5"
"FOE_489","AT","ROBOCUT","4"
"FIT_285","IT","CNC","1"
"FIT_285","IT","LASER","7"
"FIT_285","IT","ROBOT","2"
"FIT_285","IT","ROBODRILL","3"
"FIT_285","IT","ROBOSHOT","5"
"FIT_285","IT","ROBOCUT","4"
"FIT_285","VA","CNC","1"
"FIT_285","VA","LASER","7"
"FIT_285","VA","ROBOT","2"
"FIT_285","VA","ROBODRILL","3"
"FIT_285","VA","ROBOSHOT","5"
"FIT_285","VA","ROBOCUT","4"
"FIT_285","SM","CNC","1"
"FIT_285","SM","LASER","7"
"FIT_285","SM","ROBOT","2"
"FIT_285","SM","ROBODRILL","3"
"FIT_285","SM","ROBOSHOT","5"
"FIT_285","SM","ROBOCUT","4"
"FIT_285","IT","CNC","1"
"FIT_285","IT","LASER","7"
"FIT_285","IT","ROBOT","2"
"FIT_285","IT","ROBODRILL","3"
"FIT_285","IT","ROBOSHOT","5"
"FIT_285","IT","ROBOCUT","4"
"FIT_285","VA","CNC","1"
"FIT_285","VA","LASER","7"
"FIT_285","VA","ROBOT","2"
"FIT_285","VA","ROBODRILL","3"
"FIT_285","VA","ROBOSHOT","5"
"FIT_285","VA","ROBOCUT","4"
"FIT_285","SM","CNC","1"
"FIT_285","SM","LASER","7"
"FIT_285","SM","ROBOT","2"
"FIT_285","SM","ROBODRILL","3"
"FIT_285","SM","ROBOSHOT","5"
"FIT_285","SM","ROBOCUT","4"
"FCZ_363","CZ","CNC","1"
"FCZ_363","CZ","LASER","7"
"FCZ_363","CZ","ROBOT","2"
"FCZ_363","CZ","ROBODRILL","3"
"FCZ_363","CZ","ROBOSHOT","5"
"FCZ_363","CZ","ROBOCUT","4"
"FCZ_363","CZ","CNC","1"
"FCZ_363","CZ","LASER","7"
"FCZ_363","CZ","ROBOT","2"
"FCZ_363","CZ","ROBODRILL","3"
"FCZ_363","CZ","ROBOSHOT","5"
"FCZ_363","CZ","ROBOCUT","4"
"FBL_471","BE","CNC","1"
"FBL_471","BE","LASER","7"
"FBL_471","BE","ROBOT","2"
"FBL_471","BE","ROBODRILL","3"
"FBL_471","BE","ROBOSHOT","5"
"FBL_471","BE","ROBOCUT","4"
"FBL_471","NL","CNC","1"
"FBL_471","NL","LASER","7"
"FBL_471","NL","ROBOT","2"
"FBL_471","NL","ROBODRILL","3"
"FBL_471","NL","ROBOSHOT","5"
"FBL_471","NL","ROBOCUT","4"
"FBL_471","LU","CNC","1"
"FBL_471","LU","LASER","7"
"FBL_471","LU","ROBOT","2"
"FBL_471","LU","ROBODRILL","3"
"FBL_471","LU","ROBOSHOT","5"
"FBL_471","LU","ROBOCUT","4"
"FBL_471","BE","CNC","1"
"FBL_471","BE","LASER","7"
"FBL_471","BE","ROBOT","2"
"FBL_471","BE","ROBODRILL","3"
"FBL_471","BE","ROBOSHOT","5"
"FBL_471","BE","ROBOCUT","4"
"FBL_471","NL","CNC","1"
"FBL_471","NL","LASER","7"
"FBL_471","NL","ROBOT","2"
"FBL_471","NL","ROBODRILL","3"
"FBL_471","NL","ROBOSHOT","5"
"FBL_471","NL","ROBOCUT","4"
"FBL_471","LU","CNC","1"
"FBL_471","LU","LASER","7"
"FBL_471","LU","ROBOT","2"
"FBL_471","LU","ROBODRILL","3"
"FBL_471","LU","ROBOSHOT","5"
"FBL_471","LU","ROBOCUT","4"
"FBL_471","BE","CNC","1"
"FBL_471","BE","LASER","7"
"FBL_471","BE","ROBOT","2"
"FBL_471","BE","ROBODRILL","3"
"FBL_471","BE","ROBOSHOT","5"
"FBL_471","BE","ROBOCUT","4"
"FBL_471","NL","CNC","1"
"FBL_471","NL","LASER","7"
"FBL_471","NL","ROBOT","2"
"FBL_471","NL","ROBODRILL","3"
"FBL_471","NL","ROBOSHOT","5"
"FBL_471","NL","ROBOCUT","4"
"FBL_471","LU","CNC","1"
"FBL_471","LU","LASER","7"
"FBL_471","LU","ROBOT","2"
"FBL_471","LU","ROBODRILL","3"
"FBL_471","LU","ROBOSHOT","5"
"FBL_471","LU","ROBOCUT","4"
"FBG_321","CY","CNC","1"
"FBG_321","CY","LASER","7"
"FBG_321","CY","ROBOT","2"
"FBG_321","CY","ROBODRILL","3"
"FBG_321","CY","ROBOSHOT","5"
"FBG_321","CY","ROBOCUT","4"
"FBG_321","BG","CNC","1"
"FBG_321","BG","LASER","7"
"FBG_321","BG","ROBOT","2"
"FBG_321","BG","ROBODRILL","3"
"FBG_321","BG","ROBOSHOT","5"
"FBG_321","BG","ROBOCUT","4"
"FBG_321","MK","CNC","1"
"FBG_321","MK","LASER","7"
"FBG_321","MK","ROBOT","2"
"FBG_321","MK","ROBODRILL","3"
"FBG_321","MK","ROBOSHOT","5"
"FBG_321","MK","ROBOCUT","4"
"FBG_321","GR","CNC","1"
"FBG_321","GR","LASER","7"
"FBG_321","GR","ROBOT","2"
"FBG_321","GR","ROBODRILL","3"
"FBG_321","GR","ROBOSHOT","5"
"FBG_321","GR","ROBOCUT","4"
"FBG_321","AL","CNC","1"
"FBG_321","AL","LASER","7"
"FBG_321","AL","ROBOT","2"
"FBG_321","AL","ROBODRILL","3"
"FBG_321","AL","ROBOSHOT","5"
"FBG_321","AL","ROBOCUT","4"
"FSV_435","SI","CNC","1"
"FSV_435","SI","LASER","7"
"FSV_437","SI","ROBOT","2"
"FSV_435","SI","ROBODRILL","3"
"FSV_435","SI","ROBOSHOT","5"
"FSV_435","SI","ROBOCUT","4"
"FSV_435","HR","CNC","1"
"FSV_435","HR","LASER","7"
"FSV_437","HR","ROBOT","2"
"FSV_435","HR","ROBODRILL","3"
"FSV_435","HR","ROBOSHOT","5"
"FSV_435","HR","ROBOCUT","4"
"FSV_447","RS","CNC","1"
"FSV_447","RS","LASER","7"
"FSV_447","RS","ROBOT","2"
"FSV_447","RS","ROBODRILL","3"
"FSV_447","RS","ROBOSHOT","5"
"FSV_447","RS","ROBOCUT","4"
"FSV_435","BA","CNC","1"
"FSV_435","BA","LASER","7"
"FSV_437","BA","ROBOT","2"
"FSV_435","BA","ROBODRILL","3"
"FSV_435","BA","ROBOSHOT","5"
"FSV_435","BA","ROBOCUT","4"
"FSV_447","ME","CNC","1"
"FSV_447","ME","LASER","7"
"FSV_447","ME","ROBOT","2"
"FSV_447","ME","ROBODRILL","3"
"FSV_447","ME","ROBOSHOT","5"
"FSV_447","ME","ROBOCUT","4"
"FSV_435","XK","CNC","1"
"FSV_435","XK","LASER","7"
"FSV_437","XK","ROBOT","2"
"FSV_435","XK","ROBODRILL","3"
"FSV_435","XK","ROBOSHOT","5"
"FSV_435","XK","ROBOCUT","4"
"FSV_435","SI","CNC","1"
"FSV_435","SI","LASER","7"
"FSV_437","SI","ROBOT","2"
"FSV_435","SI","ROBODRILL","3"
"FSV_435","SI","ROBOSHOT","5"
"FSV_435","SI","ROBOCUT","4"
"FSV_435","HR","CNC","1"
"FSV_435","HR","LASER","7"
"FSV_437","HR","ROBOT","2"
"FSV_435","HR","ROBODRILL","3"
"FSV_435","HR","ROBOSHOT","5"
"FSV_435","HR","ROBOCUT","4"
"FSV_447","RS","CNC","1"
"FSV_447","RS","LASER","7"
"FSV_447","RS","ROBOT","2"
"FSV_447","RS","ROBODRILL","3"
"FSV_447","RS","ROBOSHOT","5"
"FSV_447","RS","ROBOCUT","4"
"FSV_435","BA","CNC","1"
"FSV_435","BA","LASER","7"
"FSV_437","BA","ROBOT","2"
"FSV_435","BA","ROBODRILL","3"
"FSV_435","BA","ROBOSHOT","5"
"FSV_435","BA","ROBOCUT","4"
"FSV_447","ME","CNC","1"
"FSV_447","ME","LASER","7"
"FSV_447","ME","ROBOT","2"
"FSV_447","ME","ROBODRILL","3"
"FSV_447","ME","ROBOSHOT","5"
"FSV_447","ME","ROBOCUT","4"
"FSV_435","XK","CNC","1"
"FSV_435","XK","LASER","7"
"FSV_437","XK","ROBOT","2"
"FSV_435","XK","ROBODRILL","3"
"FSV_435","XK","ROBOSHOT","5"
"FSV_435","XK","ROBOCUT","4"
"FSV_435","SI","CNC","1"
"FSV_435","SI","LASER","7"
"FSV_437","SI","ROBOT","2"
"FSV_435","SI","ROBODRILL","3"
"FSV_435","SI","ROBOSHOT","5"
"FSV_435","SI","ROBOCUT","4"
"FSV_435","HR","CNC","1"
"FSV_435","HR","LASER","7"
"FSV_437","HR","ROBOT","2"
"FSV_435","HR","ROBODRILL","3"
"FSV_435","HR","ROBOSHOT","5"
"FSV_435","HR","ROBOCUT","4"
"FSV_447","RS","CNC","1"
"FSV_447","RS","LASER","7"
"FSV_447","RS","ROBOT","2"
"FSV_447","RS","ROBODRILL","3"
"FSV_447","RS","ROBOSHOT","5"
"FSV_447","RS","ROBOCUT","4"
"FSV_435","BA","CNC","1"
"FSV_435","BA","LASER","7"
"FSV_437","BA","ROBOT","2"
"FSV_435","BA","ROBODRILL","3"
"FSV_435","BA","ROBOSHOT","5"
"FSV_435","BA","ROBOCUT","4"
"FSV_447","ME","CNC","1"
"FSV_447","ME","LASER","7"
"FSV_447","ME","ROBOT","2"
"FSV_447","ME","ROBODRILL","3"
"FSV_447","ME","ROBOSHOT","5"
"FSV_447","ME","ROBOCUT","4"
"FSV_435","XK","CNC","1"
"FSV_435","XK","LASER","7"
"FSV_437","XK","ROBOT","2"
"FSV_435","XK","ROBODRILL","3"
"FSV_435","XK","ROBOSHOT","5"
"FSV_435","XK","ROBOCUT","4"
"FSV_435","SI","CNC","1"
"FSV_435","SI","LASER","7"
"FSV_437","SI","ROBOT","2"
"FSV_435","SI","ROBODRILL","3"
"FSV_435","SI","ROBOSHOT","5"
"FSV_435","SI","ROBOCUT","4"
"FSV_435","HR","CNC","1"
"FSV_435","HR","LASER","7"
"FSV_437","HR","ROBOT","2"
"FSV_435","HR","ROBODRILL","3"
"FSV_435","HR","ROBOSHOT","5"
"FSV_435","HR","ROBOCUT","4"
"FSV_447","RS","CNC","1"
"FSV_447","RS","LASER","7"
"FSV_447","RS","ROBOT","2"
"FSV_447","RS","ROBODRILL","3"
"FSV_447","RS","ROBOSHOT","5"
"FSV_447","RS","ROBOCUT","4"
"FSV_435","BA","CNC","1"
"FSV_435","BA","LASER","7"
"FSV_437","BA","ROBOT","2"
"FSV_435","BA","ROBODRILL","3"
"FSV_435","BA","ROBOSHOT","5"
"FSV_435","BA","ROBOCUT","4"
"FSV_447","ME","CNC","1"
"FSV_447","ME","LASER","7"
"FSV_447","ME","ROBOT","2"
"FSV_447","ME","ROBODRILL","3"
"FSV_447","ME","ROBOSHOT","5"
"FSV_447","ME","ROBOCUT","4"
"FSV_435","XK","CNC","1"
"FSV_435","XK","LASER","7"
"FSV_437","XK","ROBOT","2"
"FSV_435","XK","ROBODRILL","3"
"FSV_435","XK","ROBOSHOT","5"
"FSV_435","XK","ROBOCUT","4"
"FSV_435","SI","CNC","1"
"FSV_435","SI","LASER","7"
"FSV_437","SI","ROBOT","2"
"FSV_435","SI","ROBODRILL","3"
"FSV_435","SI","ROBOSHOT","5"
"FSV_435","SI","ROBOCUT","4"
"FSV_435","HR","CNC","1"
"FSV_435","HR","LASER","7"
"FSV_437","HR","ROBOT","2"
"FSV_435","HR","ROBODRILL","3"
"FSV_435","HR","ROBOSHOT","5"
"FSV_435","HR","ROBOCUT","4"
"FSV_447","RS","CNC","1"
"FSV_447","RS","LASER","7"
"FSV_447","RS","ROBOT","2"
"FSV_447","RS","ROBODRILL","3"
"FSV_447","RS","ROBOSHOT","5"
"FSV_447","RS","ROBOCUT","4"
"FSV_435","BA","CNC","1"
"FSV_435","BA","LASER","7"
"FSV_437","BA","ROBOT","2"
"FSV_435","BA","ROBODRILL","3"
"FSV_435","BA","ROBOSHOT","5"
"FSV_435","BA","ROBOCUT","4"
"FSV_447","ME","CNC","1"
"FSV_447","ME","LASER","7"
"FSV_447","ME","ROBOT","2"
"FSV_447","ME","ROBODRILL","3"
"FSV_447","ME","ROBOSHOT","5"
"FSV_447","ME","ROBOCUT","4"
"FSV_435","XK","CNC","1"
"FSV_435","XK","LASER","7"
"FSV_437","XK","ROBOT","2"
"FSV_435","XK","ROBODRILL","3"
"FSV_435","XK","ROBOSHOT","5"
"FSV_435","XK","ROBOCUT","4"
"FNO_381","SE","CNC","1"
"FNO_381","SE","LASER","7"
"FNO_381","SE","ROBOT","2"
"FNO_381","SE","ROBODRILL","3"
"FNO_381","SE","ROBOSHOT","5"
"FNO_381","SE","ROBOCUT","4"
"FNO_387","DK","CNC","1"
"FNO_387","DK","LASER","7"
"FNO_387","DK","ROBOT","2"
"FNO_387","DK","ROBODRILL","3"
"FNO_387","DK","ROBOSHOT","5"
"FNO_387","DK","ROBOCUT","4"
"FNO_381","EE","CNC","1"
"FNO_381","EE","LASER","7"
"FNO_381","EE","ROBOT","2"
"FNO_381","EE","ROBODRILL","3"
"FNO_381","EE","ROBOSHOT","5"
"FNO_381","EE","ROBOCUT","4"
"FNO_399","FI","CNC","1"
"FNO_399","FI","LASER","7"
"FNO_399","FI","ROBOT","2"
"FNO_399","FI","ROBODRILL","3"
"FNO_399","FI","ROBOSHOT","5"
"FNO_399","FI","ROBOCUT","4"
"FNO_381","LV","CNC","1"
"FNO_381","LV","LASER","7"
"FNO_381","LV","ROBOT","2"
"FNO_381","LV","ROBODRILL","3"
"FNO_381","LV","ROBOSHOT","5"
"FNO_381","LV","ROBOCUT","4"
"FNO_381","LT","CNC","1"
"FNO_381","LT","LASER","7"
"FNO_381","LT","ROBOT","2"
"FNO_381","LT","ROBODRILL","3"
"FNO_381","LT","ROBOSHOT","5"
"FNO_381","LT","ROBOCUT","4"
"FNO_381","NO","CNC","1"
"FNO_381","NO","LASER","7"
"FNO_381","NO","ROBOT","2"
"FNO_381","NO","ROBODRILL","3"
"FNO_381","NO","ROBOSHOT","5"
"FNO_381","NO","ROBOCUT","4"
"FNO_381","SE","CNC","1"
"FNO_381","SE","LASER","7"
"FNO_381","SE","ROBOT","2"
"FNO_381","SE","ROBODRILL","3"
"FNO_381","SE","ROBOSHOT","5"
"FNO_381","SE","ROBOCUT","4"
"FNO_387","DK","CNC","1"
"FNO_387","DK","LASER","7"
"FNO_387","DK","ROBOT","2"
"FNO_387","DK","ROBODRILL","3"
"FNO_387","DK","ROBOSHOT","5"
"FNO_387","DK","ROBOCUT","4"
"FNO_381","EE","CNC","1"
"FNO_381","EE","LASER","7"
"FNO_381","EE","ROBOT","2"
"FNO_381","EE","ROBODRILL","3"
"FNO_381","EE","ROBOSHOT","5"
"FNO_381","EE","ROBOCUT","4"
"FNO_399","FI","CNC","1"
"FNO_399","FI","LASER","7"
"FNO_399","FI","ROBOT","2"
"FNO_399","FI","ROBODRILL","3"
"FNO_399","FI","ROBOSHOT","5"
"FNO_399","FI","ROBOCUT","4"
"FNO_381","LV","CNC","1"
"FNO_381","LV","LASER","7"
"FNO_381","LV","ROBOT","2"
"FNO_381","LV","ROBODRILL","3"
"FNO_381","LV","ROBOSHOT","5"
"FNO_381","LV","ROBOCUT","4"
"FNO_381","LT","CNC","1"
"FNO_381","LT","LASER","7"
"FNO_381","LT","ROBOT","2"
"FNO_381","LT","ROBODRILL","3"
"FNO_381","LT","ROBOSHOT","5"
"FNO_381","LT","ROBOCUT","4"
"FNO_381","NO","CNC","1"
"FNO_381","NO","LASER","7"
"FNO_381","NO","ROBOT","2"
"FNO_381","NO","ROBODRILL","3"
"FNO_381","NO","ROBOSHOT","5"
"FNO_381","NO","ROBOCUT","4"
"FNO_381","SE","CNC","1"
"FNO_381","SE","LASER","7"
"FNO_381","SE","ROBOT","2"
"FNO_381","SE","ROBODRILL","3"
"FNO_381","SE","ROBOSHOT","5"
"FNO_381","SE","ROBOCUT","4"
"FNO_387","DK","CNC","1"
"FNO_387","DK","LASER","7"
"FNO_387","DK","ROBOT","2"
"FNO_387","DK","ROBODRILL","3"
"FNO_387","DK","ROBOSHOT","5"
"FNO_387","DK","ROBOCUT","4"
"FNO_381","EE","CNC","1"
"FNO_381","EE","LASER","7"
"FNO_381","EE","ROBOT","2"
"FNO_381","EE","ROBODRILL","3"
"FNO_381","EE","ROBOSHOT","5"
"FNO_381","EE","ROBOCUT","4"
"FNO_399","FI","CNC","1"
"FNO_399","FI","LASER","7"
"FNO_399","FI","ROBOT","2"
"FNO_399","FI","ROBODRILL","3"
"FNO_399","FI","ROBOSHOT","5"
"FNO_399","FI","ROBOCUT","4"
"FNO_381","LV","CNC","1"
"FNO_381","LV","LASER","7"
"FNO_381","LV","ROBOT","2"
"FNO_381","LV","ROBODRILL","3"
"FNO_381","LV","ROBOSHOT","5"
"FNO_381","LV","ROBOCUT","4"
"FNO_381","LT","CNC","1"
"FNO_381","LT","LASER","7"
"FNO_381","LT","ROBOT","2"
"FNO_381","LT","ROBODRILL","3"
"FNO_381","LT","ROBOSHOT","5"
"FNO_381","LT","ROBOCUT","4"
"FNO_381","NO","CNC","1"
"FNO_381","NO","LASER","7"
"FNO_381","NO","ROBOT","2"
"FNO_381","NO","ROBODRILL","3"
"FNO_381","NO","ROBOSHOT","5"
"FNO_381","NO","ROBOCUT","4"
"FNO_381","SE","CNC","1"
"FNO_381","SE","LASER","7"
"FNO_381","SE","ROBOT","2"
"FNO_381","SE","ROBODRILL","3"
"FNO_381","SE","ROBOSHOT","5"
"FNO_381","SE","ROBOCUT","4"
"FNO_387","DK","CNC","1"
"FNO_387","DK","LASER","7"
"FNO_387","DK","ROBOT","2"
"FNO_387","DK","ROBODRILL","3"
"FNO_387","DK","ROBOSHOT","5"
"FNO_387","DK","ROBOCUT","4"
"FNO_381","EE","CNC","1"
"FNO_381","EE","LASER","7"
"FNO_381","EE","ROBOT","2"
"FNO_381","EE","ROBODRILL","3"
"FNO_381","EE","ROBOSHOT","5"
"FNO_381","EE","ROBOCUT","4"
"FNO_399","FI","CNC","1"
"FNO_399","FI","LASER","7"
"FNO_399","FI","ROBOT","2"
"FNO_399","FI","ROBODRILL","3"
"FNO_399","FI","ROBOSHOT","5"
"FNO_399","FI","ROBOCUT","4"
"FNO_381","LV","CNC","1"
"FNO_381","LV","LASER","7"
"FNO_381","LV","ROBOT","2"
"FNO_381","LV","ROBODRILL","3"
"FNO_381","LV","ROBOSHOT","5"
"FNO_381","LV","ROBOCUT","4"
"FNO_381","LT","CNC","1"
"FNO_381","LT","LASER","7"
"FNO_381","LT","ROBOT","2"
"FNO_381","LT","ROBODRILL","3"
"FNO_381","LT","ROBOSHOT","5"
"FNO_381","LT","ROBOCUT","4"
"FNO_381","NO","CNC","1"
"FNO_381","NO","LASER","7"
"FNO_381","NO","ROBOT","2"
"FNO_381","NO","ROBODRILL","3"
"FNO_381","NO","ROBOSHOT","5"
"FNO_381","NO","ROBOCUT","4"
"FNO_381","SE","CNC","1"
"FNO_381","SE","LASER","7"
"FNO_381","SE","ROBOT","2"
"FNO_381","SE","ROBODRILL","3"
"FNO_381","SE","ROBOSHOT","5"
"FNO_381","SE","ROBOCUT","4"
"FNO_387","DK","CNC","1"
"FNO_387","DK","LASER","7"
"FNO_387","DK","ROBOT","2"
"FNO_387","DK","ROBODRILL","3"
"FNO_387","DK","ROBOSHOT","5"
"FNO_387","DK","ROBOCUT","4"
"FNO_381","EE","CNC","1"
"FNO_381","EE","LASER","7"
"FNO_381","EE","ROBOT","2"
"FNO_381","EE","ROBODRILL","3"
"FNO_381","EE","ROBOSHOT","5"
"FNO_381","EE","ROBOCUT","4"
"FNO_399","FI","CNC","1"
"FNO_399","FI","LASER","7"
"FNO_399","FI","ROBOT","2"
"FNO_399","FI","ROBODRILL","3"
"FNO_399","FI","ROBOSHOT","5"
"FNO_399","FI","ROBOCUT","4"
"FNO_381","LV","CNC","1"
"FNO_381","LV","LASER","7"
"FNO_381","LV","ROBOT","2"
"FNO_381","LV","ROBODRILL","3"
"FNO_381","LV","ROBOSHOT","5"
"FNO_381","LV","ROBOCUT","4"
"FNO_381","LT","CNC","1"
"FNO_381","LT","LASER","7"
"FNO_381","LT","ROBOT","2"
"FNO_381","LT","ROBODRILL","3"
"FNO_381","LT","ROBOSHOT","5"
"FNO_381","LT","ROBOCUT","4"
"FNO_381","NO","CNC","1"
"FNO_381","NO","LASER","7"
"FNO_381","NO","ROBOT","2"
"FNO_381","NO","ROBODRILL","3"
"FNO_381","NO","ROBOSHOT","5"
"FNO_381","NO","ROBOCUT","4"
"FNO_381","SE","CNC","1"
"FNO_381","SE","LASER","7"
"FNO_381","SE","ROBOT","2"
"FNO_381","SE","ROBODRILL","3"
"FNO_381","SE","ROBOSHOT","5"
"FNO_381","SE","ROBOCUT","4"
"FNO_387","DK","CNC","1"
"FNO_387","DK","LASER","7"
"FNO_387","DK","ROBOT","2"
"FNO_387","DK","ROBODRILL","3"
"FNO_387","DK","ROBOSHOT","5"
"FNO_387","DK","ROBOCUT","4"
"FNO_381","EE","CNC","1"
"FNO_381","EE","LASER","7"
"FNO_381","EE","ROBOT","2"
"FNO_381","EE","ROBODRILL","3"
"FNO_381","EE","ROBOSHOT","5"
"FNO_381","EE","ROBOCUT","4"
"FNO_399","FI","CNC","1"
"FNO_399","FI","LASER","7"
"FNO_399","FI","ROBOT","2"
"FNO_399","FI","ROBODRILL","3"
"FNO_399","FI","ROBOSHOT","5"
"FNO_399","FI","ROBOCUT","4"
"FNO_381","LV","CNC","1"
"FNO_381","LV","LASER","7"
"FNO_381","LV","ROBOT","2"
"FNO_381","LV","ROBODRILL","3"
"FNO_381","LV","ROBOSHOT","5"
"FNO_381","LV","ROBOCUT","4"
"FNO_381","LT","CNC","1"
"FNO_381","LT","LASER","7"
"FNO_381","LT","ROBOT","2"
"FNO_381","LT","ROBODRILL","3"
"FNO_381","LT","ROBOSHOT","5"
"FNO_381","LT","ROBOCUT","4"
"FNO_381","NO","CNC","1"
"FNO_381","NO","LASER","7"
"FNO_381","NO","ROBOT","2"
"FNO_381","NO","ROBODRILL","3"
"FNO_381","NO","ROBOSHOT","5"
"FNO_381","NO","ROBOCUT","4"
"FNO_381","SE","CNC","1"
"FNO_381","SE","LASER","7"
"FNO_381","SE","ROBOT","2"
"FNO_381","SE","ROBODRILL","3"
"FNO_381","SE","ROBOSHOT","5"
"FNO_381","SE","ROBOCUT","4"
"FNO_387","DK","CNC","1"
"FNO_387","DK","LASER","7"
"FNO_387","DK","ROBOT","2"
"FNO_387","DK","ROBODRILL","3"
"FNO_387","DK","ROBOSHOT","5"
"FNO_387","DK","ROBOCUT","4"
"FNO_381","EE","CNC","1"
"FNO_381","EE","LASER","7"
"FNO_381","EE","ROBOT","2"
"FNO_381","EE","ROBODRILL","3"
"FNO_381","EE","ROBOSHOT","5"
"FNO_381","EE","ROBOCUT","4"
"FNO_399","FI","CNC","1"
"FNO_399","FI","LASER","7"
"FNO_399","FI","ROBOT","2"
"FNO_399","FI","ROBODRILL","3"
"FNO_399","FI","ROBOSHOT","5"
"FNO_399","FI","ROBOCUT","4"
"FNO_381","LV","CNC","1"
"FNO_381","LV","LASER","7"
"FNO_381","LV","ROBOT","2"
"FNO_381","LV","ROBODRILL","3"
"FNO_381","LV","ROBOSHOT","5"
"FNO_381","LV","ROBOCUT","4"
"FNO_381","LT","CNC","1"
"FNO_381","LT","LASER","7"
"FNO_381","LT","ROBOT","2"
"FNO_381","LT","ROBODRILL","3"
"FNO_381","LT","ROBOSHOT","5"
"FNO_381","LT","ROBOCUT","4"
"FNO_381","NO","CNC","1"
"FNO_381","NO","LASER","7"
"FNO_381","NO","ROBOT","2"
"FNO_381","NO","ROBODRILL","3"
"FNO_381","NO","ROBOSHOT","5"
"FNO_381","NO","ROBOCUT","4"
"FNO_381","SE","CNC","1"
"FNO_381","SE","LASER","7"
"FNO_381","SE","ROBOT","2"
"FNO_381","SE","ROBODRILL","3"
"FNO_381","SE","ROBOSHOT","5"
"FNO_381","SE","ROBOCUT","4"
"FNO_387","DK","CNC","1"
"FNO_387","DK","LASER","7"
"FNO_387","DK","ROBOT","2"
"FNO_387","DK","ROBODRILL","3"
"FNO_387","DK","ROBOSHOT","5"
"FNO_387","DK","ROBOCUT","4"
"FNO_381","EE","CNC","1"
"FNO_381","EE","LASER","7"
"FNO_381","EE","ROBOT","2"
"FNO_381","EE","ROBODRILL","3"
"FNO_381","EE","ROBOSHOT","5"
"FNO_381","EE","ROBOCUT","4"
"FNO_399","FI","CNC","1"
"FNO_399","FI","LASER","7"
"FNO_399","FI","ROBOT","2"
"FNO_399","FI","ROBODRILL","3"
"FNO_399","FI","ROBOSHOT","5"
"FNO_399","FI","ROBOCUT","4"
"FNO_381","LV","CNC","1"
"FNO_381","LV","LASER","7"
"FNO_381","LV","ROBOT","2"
"FNO_381","LV","ROBODRILL","3"
"FNO_381","LV","ROBOSHOT","5"
"FNO_381","LV","ROBOCUT","4"
"FNO_381","LT","CNC","1"
"FNO_381","LT","LASER","7"
"FNO_381","LT","ROBOT","2"
"FNO_381","LT","ROBODRILL","3"
"FNO_381","LT","ROBOSHOT","5"
"FNO_381","LT","ROBOCUT","4"
"FNO_381","NO","CNC","1"
"FNO_381","NO","LASER","7"
"FNO_381","NO","ROBOT","2"
"FNO_381","NO","ROBODRILL","3"
"FNO_381","NO","ROBOSHOT","5"
"FNO_381","NO","ROBOCUT","4"
"FNO_381","SE","CNC","1"
"FNO_381","SE","LASER","7"
"FNO_381","SE","ROBOT","2"
"FNO_381","SE","ROBODRILL","3"
"FNO_381","SE","ROBOSHOT","5"
"FNO_381","SE","ROBOCUT","4"
"FNO_387","DK","CNC","1"
"FNO_387","DK","LASER","7"
"FNO_387","DK","ROBOT","2"
"FNO_387","DK","ROBODRILL","3"
"FNO_387","DK","ROBOSHOT","5"
"FNO_387","DK","ROBOCUT","4"
"FNO_381","EE","CNC","1"
"FNO_381","EE","LASER","7"
"FNO_381","EE","ROBOT","2"
"FNO_381","EE","ROBODRILL","3"
"FNO_381","EE","ROBOSHOT","5"
"FNO_381","EE","ROBOCUT","4"
"FNO_399","FI","CNC","1"
"FNO_399","FI","LASER","7"
"FNO_399","FI","ROBOT","2"
"FNO_399","FI","ROBODRILL","3"
"FNO_399","FI","ROBOSHOT","5"
"FNO_399","FI","ROBOCUT","4"
"FNO_381","LV","CNC","1"
"FNO_381","LV","LASER","7"
"FNO_381","LV","ROBOT","2"
"FNO_381","LV","ROBODRILL","3"
"FNO_381","LV","ROBOSHOT","5"
"FNO_381","LV","ROBOCUT","4"
"FNO_381","LT","CNC","1"
"FNO_381","LT","LASER","7"
"FNO_381","LT","ROBOT","2"
"FNO_381","LT","ROBODRILL","3"
"FNO_381","LT","ROBOSHOT","5"
"FNO_381","LT","ROBOCUT","4"
"FNO_381","NO","CNC","1"
"FNO_381","NO","LASER","7"
"FNO_381","NO","ROBOT","2"
"FNO_381","NO","ROBODRILL","3"
"FNO_381","NO","ROBOSHOT","5"
"FNO_381","NO","ROBOCUT","4"
"FIL_643","IN","CNC","1"
"FIL_643","IN","LASER","7"
"FIL_643","IN","ROBOT","2"
"FIL_643","IN","ROBOCUT","4"
"FIL_643","IN","ROBOSHOT","5"
"FIL_643","IN","ROBODRILL","3"
"FIL_643","LK","CNC","1"
"FIL_643","LK","LASER","7"
"FIL_643","LK","ROBOT","2"
"FIL_643","LK","ROBOCUT","4"
"FIL_643","LK","ROBODRILL","3"
"FIL_643","LK","ROBOSHOT","5"
"FIL_643","BD","CNC","1"
"FIL_643","BD","LASER","7"
"FIL_643","BD","ROBOT","2"
"FIL_643","BD","ROBOCUT","4"
"FIL_643","BD","ROBODRILL","3"
"FIL_643","BD","ROBOSHOT","5"
"FIL_643","NP","CNC","1"
"FIL_643","NP","LASER","7"
"FIL_643","NP","ROBOT","2"
"FIL_643","NP","ROBODRILL","3"
"FIL_643","NP","ROBOCUT","4"
"FIL_643","NP","ROBOSHOT","5"
"FIL_643","BT","CNC","1"
"FIL_643","BT","LASER","7"
"FIL_643","BT","ROBOT","2"
"FIL_643","BT","ROBOSHOT","5"
"FIL_643","BT","ROBODRILL","3"
"FIL_643","BT","ROBOCUT","4"
"FIL_643","IN","CNC","1"
"FIL_643","IN","LASER","7"
"FIL_643","IN","ROBOT","2"
"FIL_643","IN","ROBOCUT","4"
"FIL_643","IN","ROBOSHOT","5"
"FIL_643","IN","ROBODRILL","3"
"FIL_643","LK","CNC","1"
"FIL_643","LK","LASER","7"
"FIL_643","LK","ROBOT","2"
"FIL_643","LK","ROBOCUT","4"
"FIL_643","LK","ROBODRILL","3"
"FIL_643","LK","ROBOSHOT","5"
"FIL_643","BD","CNC","1"
"FIL_643","BD","LASER","7"
"FIL_643","BD","ROBOT","2"
"FIL_643","BD","ROBOCUT","4"
"FIL_643","BD","ROBODRILL","3"
"FIL_643","BD","ROBOSHOT","5"
"FIL_643","NP","CNC","1"
"FIL_643","NP","LASER","7"
"FIL_643","NP","ROBOT","2"
"FIL_643","NP","ROBODRILL","3"
"FIL_643","NP","ROBOCUT","4"
"FIL_643","NP","ROBOSHOT","5"
"FIL_643","BT","CNC","1"
"FIL_643","BT","LASER","7"
"FIL_643","BT","ROBOT","2"
"FIL_643","BT","ROBOSHOT","5"
"FIL_643","BT","ROBODRILL","3"
"FIL_643","BT","ROBOCUT","4"
"FIL_643","IN","CNC","1"
"FIL_643","IN","LASER","7"
"FIL_643","IN","ROBOT","2"
"FIL_643","IN","ROBOCUT","4"
"FIL_643","IN","ROBOSHOT","5"
"FIL_643","IN","ROBODRILL","3"
"FIL_643","LK","CNC","1"
"FIL_643","LK","LASER","7"
"FIL_643","LK","ROBOT","2"
"FIL_643","LK","ROBOCUT","4"
"FIL_643","LK","ROBODRILL","3"
"FIL_643","LK","ROBOSHOT","5"
"FIL_643","BD","CNC","1"
"FIL_643","BD","LASER","7"
"FIL_643","BD","ROBOT","2"
"FIL_643","BD","ROBOCUT","4"
"FIL_643","BD","ROBODRILL","3"
"FIL_643","BD","ROBOSHOT","5"
"FIL_643","NP","CNC","1"
"FIL_643","NP","LASER","7"
"FIL_643","NP","ROBOT","2"
"FIL_643","NP","ROBODRILL","3"
"FIL_643","NP","ROBOCUT","4"
"FIL_643","NP","ROBOSHOT","5"
"FIL_643","BT","CNC","1"
"FIL_643","BT","LASER","7"
"FIL_643","BT","ROBOT","2"
"FIL_643","BT","ROBOSHOT","5"
"FIL_643","BT","ROBODRILL","3"
"FIL_643","BT","ROBOCUT","4"
"FIL_643","IN","CNC","1"
"FIL_643","IN","LASER","7"
"FIL_643","IN","ROBOT","2"
"FIL_643","IN","ROBOCUT","4"
"FIL_643","IN","ROBOSHOT","5"
"FIL_643","IN","ROBODRILL","3"
"FIL_643","LK","CNC","1"
"FIL_643","LK","LASER","7"
"FIL_643","LK","ROBOT","2"
"FIL_643","LK","ROBOCUT","4"
"FIL_643","LK","ROBODRILL","3"
"FIL_643","LK","ROBOSHOT","5"
"FIL_643","BD","CNC","1"
"FIL_643","BD","LASER","7"
"FIL_643","BD","ROBOT","2"
"FIL_643","BD","ROBOCUT","4"
"FIL_643","BD","ROBODRILL","3"
"FIL_643","BD","ROBOSHOT","5"
"FIL_643","NP","CNC","1"
"FIL_643","NP","LASER","7"
"FIL_643","NP","ROBOT","2"
"FIL_643","NP","ROBODRILL","3"
"FIL_643","NP","ROBOCUT","4"
"FIL_643","NP","ROBOSHOT","5"
"FIL_643","BT","CNC","1"
"FIL_643","BT","LASER","7"
"FIL_643","BT","ROBOT","2"
"FIL_643","BT","ROBOSHOT","5"
"FIL_643","BT","ROBODRILL","3"
"FIL_643","BT","ROBOCUT","4"
"FIL_643","IN","CNC","1"
"FIL_643","IN","LASER","7"
"FIL_643","IN","ROBOT","2"
"FIL_643","IN","ROBOCUT","4"
"FIL_643","IN","ROBOSHOT","5"
"FIL_643","IN","ROBODRILL","3"
"FIL_643","LK","CNC","1"
"FIL_643","LK","LASER","7"
"FIL_643","LK","ROBOT","2"
"FIL_643","LK","ROBOCUT","4"
"FIL_643","LK","ROBODRILL","3"
"FIL_643","LK","ROBOSHOT","5"
"FIL_643","BD","CNC","1"
"FIL_643","BD","LASER","7"
"FIL_643","BD","ROBOT","2"
"FIL_643","BD","ROBOCUT","4"
"FIL_643","BD","ROBODRILL","3"
"FIL_643","BD","ROBOSHOT","5"
"FIL_643","NP","CNC","1"
"FIL_643","NP","LASER","7"
"FIL_643","NP","ROBOT","2"
"FIL_643","NP","ROBODRILL","3"
"FIL_643","NP","ROBOCUT","4"
"FIL_643","NP","ROBOSHOT","5"
"FIL_643","BT","CNC","1"
"FIL_643","BT","LASER","7"
"FIL_643","BT","ROBOT","2"
"FIL_643","BT","ROBOSHOT","5"
"FIL_643","BT","ROBODRILL","3"
"FIL_643","BT","ROBOCUT","4"
"FRO_495","RO","CNC","1"
"FRO_495","RO","LASER","7"
"FRO_495","RO","ROBOT","2"
"FRO_495","RO","ROBODRILL","3"
"FRO_495","RO","ROBOSHOT","5"
"FRO_495","RO","ROBOCUT","4"
"FRO_495","MD","CNC","1"
"FRO_495","MD","LASER","7"
"FRO_495","MD","ROBOT","2"
"FRO_495","MD","ROBODRILL","3"
"FRO_495","MD","ROBOSHOT","5"
"FRO_495","MD","ROBOCUT","4"
"FRO_495","RO","CNC","1"
"FRO_495","RO","LASER","7"
"FRO_495","RO","ROBOT","2"
"FRO_495","RO","ROBODRILL","3"
"FRO_495","RO","ROBOSHOT","5"
"FRO_495","RO","ROBOCUT","4"
"FRO_495","MD","CNC","1"
"FRO_495","MD","LASER","7"
"FRO_495","MD","ROBOT","2"
"FRO_495","MD","ROBODRILL","3"
"FRO_495","MD","ROBOSHOT","5"
"FRO_495","MD","ROBOCUT","4"
"FRU_513","RU","CNC","1"
"FRU_513","RU","LASER","7"
"FRU_513","RU","ROBOT","2"
"FRU_513","RU","ROBODRILL","3"
"FRU_513","RU","ROBOSHOT","5"
"FRU_513","RU","ROBOCUT","4"
"FRU_513","BY","CNC","1"
"FRU_513","BY","LASER","7"
"FRU_513","BY","ROBOT","2"
"FRU_513","BY","ROBODRILL","3"
"FRU_513","BY","ROBOSHOT","5"
"FRU_513","BY","ROBOCUT","4"
"FRU_513","KZ","CNC","1"
"FRU_513","KZ","LASER","7"
"FRU_513","KZ","ROBOT","2"
"FRU_513","KZ","ROBODRILL","3"
"FRU_513","KZ","ROBOSHOT","5"
"FRU_513","KZ","ROBOCUT","4"
"FRU_513","UZ","CNC","1"
"FRU_513","UZ","LASER","7"
"FRU_513","UZ","ROBOT","2"
"FRU_513","UZ","ROBODRILL","3"
"FRU_513","UZ","ROBOSHOT","5"
"FRU_513","UZ","ROBOCUT","4"
"FRU_513","KG","CNC","1"
"FRU_513","KG","LASER","7"
"FRU_513","KG","ROBOT","2"
"FRU_513","KG","ROBODRILL","3"
"FRU_513","KG","ROBOSHOT","5"
"FRU_513","KG","ROBOCUT","4"
"FRU_513","TJ","CNC","1"
"FRU_513","TJ","LASER","7"
"FRU_513","TJ","ROBOT","2"
"FRU_513","TJ","ROBODRILL","3"
"FRU_513","TJ","ROBOSHOT","5"
"FRU_513","TJ","ROBOCUT","4"
"FRU_513","AM","CNC","1"
"FRU_513","AM","LASER","7"
"FRU_513","AM","ROBOT","2"
"FRU_513","AM","ROBODRILL","3"
"FRU_513","AM","ROBOSHOT","5"
"FRU_513","AM","ROBOCUT","4"
"FRU_513","TM","CNC","1"
"FRU_513","TM","LASER","7"
"FRU_513","TM","ROBOT","2"
"FRU_513","TM","ROBODRILL","3"
"FRU_513","TM","ROBOSHOT","5"
"FRU_513","TM","ROBOCUT","4"
"FRU_513","RU","CNC","1"
"FRU_513","RU","LASER","7"
"FRU_513","RU","ROBOT","2"
"FRU_513","RU","ROBODRILL","3"
"FRU_513","RU","ROBOSHOT","5"
"FRU_513","RU","ROBOCUT","4"
"FRU_513","BY","CNC","1"
"FRU_513","BY","LASER","7"
"FRU_513","BY","ROBOT","2"
"FRU_513","BY","ROBODRILL","3"
"FRU_513","BY","ROBOSHOT","5"
"FRU_513","BY","ROBOCUT","4"
"FRU_513","KZ","CNC","1"
"FRU_513","KZ","LASER","7"
"FRU_513","KZ","ROBOT","2"
"FRU_513","KZ","ROBODRILL","3"
"FRU_513","KZ","ROBOSHOT","5"
"FRU_513","KZ","ROBOCUT","4"
"FRU_513","UZ","CNC","1"
"FRU_513","UZ","LASER","7"
"FRU_513","UZ","ROBOT","2"
"FRU_513","UZ","ROBODRILL","3"
"FRU_513","UZ","ROBOSHOT","5"
"FRU_513","UZ","ROBOCUT","4"
"FRU_513","KG","CNC","1"
"FRU_513","KG","LASER","7"
"FRU_513","KG","ROBOT","2"
"FRU_513","KG","ROBODRILL","3"
"FRU_513","KG","ROBOSHOT","5"
"FRU_513","KG","ROBOCUT","4"
"FRU_513","TJ","CNC","1"
"FRU_513","TJ","LASER","7"
"FRU_513","TJ","ROBOT","2"
"FRU_513","TJ","ROBODRILL","3"
"FRU_513","TJ","ROBOSHOT","5"
"FRU_513","TJ","ROBOCUT","4"
"FRU_513","AM","CNC","1"
"FRU_513","AM","LASER","7"
"FRU_513","AM","ROBOT","2"
"FRU_513","AM","ROBODRILL","3"
"FRU_513","AM","ROBOSHOT","5"
"FRU_513","AM","ROBOCUT","4"
"FRU_513","TM","CNC","1"
"FRU_513","TM","LASER","7"
"FRU_513","TM","ROBOT","2"
"FRU_513","TM","ROBODRILL","3"
"FRU_513","TM","ROBOSHOT","5"
"FRU_513","TM","ROBOCUT","4"
"FIB_219","AD","CNC","1"
"FIB_219","AD","LASER","7"
"FIB_221","AD","ROBOT","2"
"FIB_222","AD","ROBODRILL","3"
"FIB_222","AD","ROBOSHOT","5"
"FIB_222","AD","ROBOCUT","4"
"FIB_219","MA","CNC","1"
"FIB_219","MA","LASER","7"
"FIB_221","MA","ROBOT","2"
"FIB_222","MA","ROBODRILL","3"
"FIB_222","MA","ROBOSHOT","5"
"FIB_222","MA","ROBOCUT","4"
"FIB_219","ES","CNC","1"
"FIB_219","ES","LASER","7"
"FIB_221","ES","ROBOT","2"
"FIB_222","ES","ROBODRILL","3"
"FIB_222","ES","ROBOSHOT","5"
"FIB_222","ES","ROBOCUT","4"
"FIB_309","PT","CNC","1"
"FIB_309","PT","LASER","7"
"FIB_309","PT","ROBOT","2"
"FIB_309","PT","ROBODRILL","3"
"FIB_309","PT","ROBOSHOT","5"
"FIB_309","PT","ROBOCUT","4"
"FIB_219","AD","CNC","1"
"FIB_219","AD","LASER","7"
"FIB_221","AD","ROBOT","2"
"FIB_222","AD","ROBODRILL","3"
"FIB_222","AD","ROBOSHOT","5"
"FIB_222","AD","ROBOCUT","4"
"FIB_219","MA","CNC","1"
"FIB_219","MA","LASER","7"
"FIB_221","MA","ROBOT","2"
"FIB_222","MA","ROBODRILL","3"
"FIB_222","MA","ROBOSHOT","5"
"FIB_222","MA","ROBOCUT","4"
"FIB_219","ES","CNC","1"
"FIB_219","ES","LASER","7"
"FIB_221","ES","ROBOT","2"
"FIB_222","ES","ROBODRILL","3"
"FIB_222","ES","ROBOSHOT","5"
"FIB_222","ES","ROBOCUT","4"
"FIB_309","PT","CNC","1"
"FIB_309","PT","LASER","7"
"FIB_309","PT","ROBOT","2"
"FIB_309","PT","ROBODRILL","3"
"FIB_309","PT","ROBOSHOT","5"
"FIB_309","PT","ROBOCUT","4"
"FIB_219","AD","CNC","1"
"FIB_219","AD","LASER","7"
"FIB_221","AD","ROBOT","2"
"FIB_222","AD","ROBODRILL","3"
"FIB_222","AD","ROBOSHOT","5"
"FIB_222","AD","ROBOCUT","4"
"FIB_219","MA","CNC","1"
"FIB_219","MA","LASER","7"
"FIB_221","MA","ROBOT","2"
"FIB_222","MA","ROBODRILL","3"
"FIB_222","MA","ROBOSHOT","5"
"FIB_222","MA","ROBOCUT","4"
"FIB_219","ES","CNC","1"
"FIB_219","ES","LASER","7"
"FIB_221","ES","ROBOT","2"
"FIB_222","ES","ROBODRILL","3"
"FIB_222","ES","ROBOSHOT","5"
"FIB_222","ES","ROBOCUT","4"
"FIB_309","PT","CNC","1"
"FIB_309","PT","LASER","7"
"FIB_309","PT","ROBOT","2"
"FIB_309","PT","ROBODRILL","3"
"FIB_309","PT","ROBOSHOT","5"
"FIB_309","PT","ROBOCUT","4"
"FIB_219","AD","CNC","1"
"FIB_219","AD","LASER","7"
"FIB_221","AD","ROBOT","2"
"FIB_222","AD","ROBODRILL","3"
"FIB_222","AD","ROBOSHOT","5"
"FIB_222","AD","ROBOCUT","4"
"FIB_219","MA","CNC","1"
"FIB_219","MA","LASER","7"
"FIB_221","MA","ROBOT","2"
"FIB_222","MA","ROBODRILL","3"
"FIB_222","MA","ROBOSHOT","5"
"FIB_222","MA","ROBOCUT","4"
"FIB_219","ES","CNC","1"
"FIB_219","ES","LASER","7"
"FIB_221","ES","ROBOT","2"
"FIB_222","ES","ROBODRILL","3"
"FIB_222","ES","ROBOSHOT","5"
"FIB_222","ES","ROBOCUT","4"
"FIB_309","PT","CNC","1"
"FIB_309","PT","LASER","7"
"FIB_309","PT","ROBOT","2"
"FIB_309","PT","ROBODRILL","3"
"FIB_309","PT","ROBOSHOT","5"
"FIB_309","PT","ROBOCUT","4"
"FTR_315","TR","CNC","1"
"FTR_315","TR","LASER","7"
"FTR_315","TR","ROBOT","2"
"FTR_315","TR","ROBODRILL","3"
"FTR_315","TR","ROBOSHOT","5"
"FTR_315","TR","ROBOCUT","4"
"FTR_315","AZ","CNC","1"
"FTR_315","AZ","LASER","7"
"FTR_315","AZ","ROBOT","2"
"FTR_315","AZ","ROBODRILL","3"
"FTR_315","AZ","ROBOSHOT","5"
"FTR_315","AZ","ROBOCUT","4"
"FTR_315","TR","CNC","1"
"FTR_315","TR","LASER","7"
"FTR_315","TR","ROBOT","2"
"FTR_315","TR","ROBODRILL","3"
"FTR_315","TR","ROBOSHOT","5"
"FTR_315","TR","ROBOCUT","4"
"FTR_315","AZ","CNC","1"
"FTR_315","AZ","LASER","7"
"FTR_315","AZ","ROBOT","2"
"FTR_315","AZ","ROBODRILL","3"
"FTR_315","AZ","ROBOSHOT","5"
"FTR_315","AZ","ROBOCUT","4"
"BFM_574","CN","LASER","7"
"BFM_574","CN","LASER","7"
"BFM_574","CN","LASER","7"
"BFM_574","CN","LASER","7"
"FNO_381","SE","CNC","1"
"FNO_381","SE","LASER","7"
"FNO_381","SE","ROBOT","2"
"FNO_381","SE","ROBODRILL","3"
"FNO_381","SE","ROBOSHOT","5"
"FNO_381","SE","ROBOCUT","4"
"FNO_387","DK","CNC","1"
"FNO_387","DK","LASER","7"
"FNO_387","DK","ROBOT","2"
"FNO_387","DK","ROBODRILL","3"
"FNO_387","DK","ROBOSHOT","5"
"FNO_387","DK","ROBOCUT","4"
"FNO_381","EE","CNC","1"
"FNO_381","EE","LASER","7"
"FNO_381","EE","ROBOT","2"
"FNO_381","EE","ROBODRILL","3"
"FNO_381","EE","ROBOSHOT","5"
"FNO_381","EE","ROBOCUT","4"
"FNO_399","FI","CNC","1"
"FNO_399","FI","LASER","7"
"FNO_399","FI","ROBOT","2"
"FNO_399","FI","ROBODRILL","3"
"FNO_399","FI","ROBOSHOT","5"
"FNO_399","FI","ROBOCUT","4"
"FNO_381","LV","CNC","1"
"FNO_381","LV","LASER","7"
"FNO_381","LV","ROBOT","2"
"FNO_381","LV","ROBODRILL","3"
"FNO_381","LV","ROBOSHOT","5"
"FNO_381","LV","ROBOCUT","4"
"FNO_381","LT","CNC","1"
"FNO_381","LT","LASER","7"
"FNO_381","LT","ROBOT","2"
"FNO_381","LT","ROBODRILL","3"
"FNO_381","LT","ROBOSHOT","5"
"FNO_381","LT","ROBOCUT","4"
"FNO_381","NO","CNC","1"
"FNO_381","NO","LASER","7"
"FNO_381","NO","ROBOT","2"
"FNO_381","NO","ROBODRILL","3"
"FNO_381","NO","ROBOSHOT","5"
"FNO_381","NO","ROBOCUT","4"
"DEA_9001","IE","ROBOSHOT","5"
"DEA_9002","ES","ROBOSHOT","5"
"DEA_9002","PT","ROBOSHOT","5"
"DEA_9004","CZ","ROBOCUT","4"
"DEA_9005","AT","ROBOCUT","4"
"DEA_9006","SK","ROBOCUT","4"
"FNO_381","SE","CNC","1"
"FNO_381","SE","LASER","7"
"FNO_381","SE","ROBOT","2"
"FNO_381","SE","ROBODRILL","3"
"FNO_381","SE","ROBOSHOT","5"
"FNO_381","SE","ROBOCUT","4"
"FNO_387","DK","CNC","1"
"FNO_387","DK","LASER","7"
"FNO_387","DK","ROBOT","2"
"FNO_387","DK","ROBODRILL","3"
"FNO_387","DK","ROBOSHOT","5"
"FNO_387","DK","ROBOCUT","4"
"FNO_381","EE","CNC","1"
"FNO_381","EE","LASER","7"
"FNO_381","EE","ROBOT","2"
"FNO_381","EE","ROBODRILL","3"
"FNO_381","EE","ROBOSHOT","5"
"FNO_381","EE","ROBOCUT","4"
"FNO_399","FI","CNC","1"
"FNO_399","FI","LASER","7"
"FNO_399","FI","ROBOT","2"
"FNO_399","FI","ROBODRILL","3"
"FNO_399","FI","ROBOSHOT","5"
"FNO_399","FI","ROBOCUT","4"
"FNO_381","LV","CNC","1"
"FNO_381","LV","LASER","7"
"FNO_381","LV","ROBOT","2"
"FNO_381","LV","ROBODRILL","3"
"FNO_381","LV","ROBOSHOT","5"
"FNO_381","LV","ROBOCUT","4"
"FNO_381","LT","CNC","1"
"FNO_381","LT","LASER","7"
"FNO_381","LT","ROBOT","2"
"FNO_381","LT","ROBODRILL","3"
"FNO_381","LT","ROBOSHOT","5"
"FNO_381","LT","ROBOCUT","4"
"FNO_381","NO","CNC","1"
"FNO_381","NO","LASER","7"
"FNO_381","NO","ROBOT","2"
"FNO_381","NO","ROBODRILL","3"
"FNO_381","NO","ROBOSHOT","5"
"FNO_381","NO","ROBOCUT","4"
"FOL_717","AU","CNC","1"
"FOL_717","AU","LASER","7"
"FOL_717","AU","ROBOT","2"
"FOL_717","AU","ROBODRILL","3"
"FOL_717","AU","ROBOSHOT","5"
"FOL_717","AU","ROBOCUT","4"
"FOL_723","AU","CNC","1"
"FOL_723","AU","LASER","7"
"FOL_723","AU","ROBOT","2"
"FOL_723","AU","ROBODRILL","3"
"FOL_723","AU","ROBOSHOT","5"
"FOL_723","AU","ROBOCUT","4"
"FOL_729","AU","CNC","1"
"FOL_729","AU","LASER","7"
"FOL_729","AU","ROBOT","2"
"FOL_729","AU","ROBODRILL","3"
"FOL_729","AU","ROBOSHOT","5"
"FOL_729","AU","ROBOCUT","4"
"FOL_735","AU","CNC","1"
"FOL_735","AU","LASER","7"
"FOL_735","AU","ROBOT","2"
"FOL_735","AU","ROBODRILL","3"
"FOL_735","AU","ROBOSHOT","5"
"FOL_735","AU","ROBOCUT","4"
"FOL_741","NZ","CNC","1"
"FOL_741","NZ","LASER","7"
"FOL_741","NZ","ROBOT","2"
"FOL_741","NZ","ROBODRILL","3"
"FOL_741","NZ","ROBOSHOT","5"
"FOL_741","NZ","ROBOCUT","4"
"FSP_683","SG","CNC","1"
"FSP_683","SG","LASER","7"
"FSP_683","SG","ROBOT","2"
"FSP_683","SG","ROBODRILL","3"
"FSP_683","SG","ROBOSHOT","5"
"FSP_683","SG","ROBOCUT","4"
"FSP_683","MM","ROBOT","2"
"FSP_683","MM","ROBODRILL","3"
"FSP_683","MM","ROBOSHOT","5"
"FSP_683","MM","ROBOCUT","4"
"FPC_693","PH","CNC","1"
"FPC_693","PH","LASER","7"
"FPC_693","PH","ROBOT","2"
"FPC_693","PH","ROBODRILL","3"
"FPC_693","PH","ROBOSHOT","5"
"FPC_693","PH","ROBOCUT","4"
"FPC_699","PH","CNC","1"
"FPC_699","PH","LASER","7"
"FPC_699","PH","ROBOT","2"
"FPC_699","PH","ROBODRILL","3"
"FPC_699","PH","ROBOSHOT","5"
"FPC_699","PH","ROBOCUT","4"
"FTH_665","TH","CNC","1"
"FTH_665","TH","LASER","7"
"FTH_665","TH","ROBOT","2"
"FTH_665","TH","ROBODRILL","3"
"FTH_665","TH","ROBOSHOT","5"
"FTH_665","TH","CNC","1"
"FTH_665","TH","LASER","7"
"FTH_665","TH","ROBOT","2"
"FTH_665","TH","ROBODRILL","3"
"FTH_665","TH","ROBOSHOT","5"
"FTH_665","TH","ROBOCUT","4"
"FTH_665","TH","CNC","1"
"FTH_665","TH","LASER","7"
"FTH_665","TH","ROBOT","2"
"FTH_665","TH","ROBODRILL","3"
"FTH_665","TH","ROBOSHOT","5"
"FTH_665","TH","ROBOCUT","4"
"FTH_665","TH","ROBOCUT","4"
