lang,lang_ja,AD,AL,AM,AR,AT,AZ,BA,BD,BE,BG,BO,BR,BT,BW,BY,BZ,CA,CH,CL,CN,CO,CR,CY,CZ,DE,DK,DZ,EC,EE,EG,ES,FI,FR,GB,GF,GR,GT,GY,HN,HR,HU,ID,IE,IL,IN,IS,IT,KG,KR,KZ,LI,LK,LS,LT,LU,LV,MA,MC,MD,ME,MK,MT,MX,MY,NA,NI,NL,NO,NP,PA,PE,PL,PT,PY,RO,RS,RU,SE,SI,SK,SM,SR,SV,SZ,TJ,TM,TN,TR,TT,TW,US,UY,UZ,VA,VE,VN,XK,ZA,ZW,JP,AU,NZ,SG,MM,TH,PH
en,英語,Andorra,Albania,Armenia,Argentina,Austria,Azerbaijan,Bosnia and Herzegovina,Bangladesh,Belgium,Bulgaria,Bolivia,Brazil,Bhutan,Botswana,Belarus,Belize,Canada,Switzerland,Chile,China,Colombia,Costa Rica,Cyprus,Czech Republic,Germany,Denmark,Algeria,Ecuador,Estonia,Egypt,Spain,Finland,France,United Kingdom,French Guiana,Greece,Guatemala,Guyana,Honduras,Croatia,Hungary,Indonesia,Ireland,Israel,India,Iceland,Italy,Kyrgyzstan,Korea,Kazakhstan,Liechtenstein,Sri Lanka,Lesotho,Lithuania,Luxembourg,Latvia,Morocco,Monaco,Moldova,Montenegro,Macedonia,Malta,Mexico,Malaysia,Namibia,Nicaragua,Netherlands,Norway,Nepal,Panama,Peru,Poland,Portugal,Paraguay,Romania,Serbia,Russian Federation,Sweden,Slovenia,Slovakia,San Marino,Suriname,El Salvador,Swaziland,Tajikistan,Turkmenistan,Tunisia,Turkey,Trinidad and Tobago,Taiwan,United States,Uruguay,Uzbekistan,Vatican City State,Venezuela,Viet Nam,Republic of Kosovo,South Africa,Zimbabwe,Japan,Australia,New Zealand,Singapore,Myanmar,Thailand,Philippines
bn,ベンガル語,আন্ডোরা,আলবেনিয়া,আর্মেনিয়া,আর্জেন্টিনা,অস্ট্রিয়া,আজারবাইজান,বসনিয়া ও হার্জেগোভিনা,বাংলাদেশ,বেলজিয়াম,বুলগেরিয়া,বলিভিয়া,ব্রাজিল,ভুটান,বোতসোয়ানা,বেলারুশ,বেলিজ,কানাডা,সুইজারল্যান্ড,চিলি,চীন,কলম্বিয়া,কোস্টারিকা,সাইপ্রাস,চেক প্রজাতন্ত্র,জার্মানি,ডেনমার্ক,আলজেরিয়া,ইকুয়েডর,এস্তোনিয়া,মিশর,স্পেন,ফিনল্যান্ড,ফ্রান্স,যুক্তরাজ্য,ফরাসি গায়ানা,গ্রীস,গুয়াতেমালা,গিয়ানা,হন্ডুরাস,ক্রোয়েশিয়া,হাঙ্গেরি,ইন্দোনেশিয়া,আয়ারল্যান্ড,ইস্রায়েল,ভারত,আইসল্যান্ড,ইতালি,কিরগিজস্তান,কোরিয়া,কাজাখস্তান,লিচেনস্টেইন,শ্রীলংকা,লেসোথো,লিথুয়ানিয়া,লাক্সেমবার্গ,লাটভিয়া,মরক্কো,মোনাকো,মোল্দাভিয়া,মন্টিনিগ্রো,ম্যাসিডোনিয়া,মাল্টা,মেক্সিকো,মালয়েশিয়া,নামিবিয়া,নিকারাগুয়া,নেদারল্যান্ডস,নরওয়ে,নেপাল,পানামা,পেরু,পোল্যান্ড,পর্তুগাল,প্যারাগুয়ে,রোমানিয়া,সার্বিয়া,রাশিয়ান ফেডারেশন,সুইডেন,স্লোভেনিয়া,স্লোভাকিয়া,সান মারিনো,সুরিনাম,এল সালভাদর,সোয়াজিল্যান্ড,তাজিকিস্তান,তুর্কমেনিস্তান,তিউনিসিয়া,তুরস্ক প্রজাতন্ত্র,ত্রিনিদাদ ও টোবাগো,তাইওয়ান,যুক্তরাষ্ট্র,উরুগুয়ে,উজবেকিস্তান,ভ্যাটিকান সিটি স্টেট,ভেনিজুয়েলা,ভিয়েতনাম নাম,কসোভো প্রজাতন্ত্র,দক্ষিন আফ্রিকা,জিম্বাবুয়ে,জাপান,অস্ট্রেলিয়া,নিউজিল্যান্ড,সিঙ্গাপুর,মায়ানমার,থাইল্যান্ড,ফিলিপিন্স
bs,ボスニア語,Andora,Albanija,Jermenija,Argentina,Austrija,Azerbejdžan,Bosna i Hercegovina,Bangladeš,Belgija,Bugarska,Bolivija,Brazil,Butan,Bocvana,Bjelorusija,Belize,Kanada,Švicarska,Čile,kina,Kolumbija,kosta rika,Kipar,Češka Republika,Njemačka,Danska,Alžir,Ekvador,Estonija,Egipat,Španija,Finska,Francuska,ujedinjeno kraljevstvo,Francuska Gvajana,Grčka,Gvatemala,Gvajana,Honduras,Hrvatska,mađarska,Indonezija,Irska,Izrael,Indija,Island,Italija,Kirgistan,Koreja,Kazahstan,Lihtenštajn,Šri Lanka,Lesoto,Litvanija,Luksemburg,Letonija,Maroko,Monako,Moldavija,Crna Gora,Makedonija,Malta,Meksiko,Malezija,Namibija,Nikaragva,Holandija,Norveška,Nepal,Panama,Peru,Poljska,Portugal,Paragvaj,Rumunija,Srbija,Ruska Federacija,Švedska,Slovenija,Slovačka,San Marino,Surinam,El Salvador,Svazilend,Tadžikistan,Turkmenistan,Tunis,Republika Turska,Trinidad i Tobago,Tajvan,Sjedinjene Države,Urugvaj,Uzbekistan,Država Vatikan,Venezuela,Vijetnam,Republika Kosovo,Južna Afrika,Zimbabve,Japan,Australija,Novi Zeland,Singapur,Myanmar,Tajland,Filipini
zh-cn,中国語（簡体）,安道尔,阿尔巴尼亚,亚美尼亚,阿根廷,奥地利,阿塞拜疆,波斯尼亚和黑塞哥维那（简称：波黑,孟加拉国,比利时,保加利亚,玻利维亚,巴西,不丹,博茨瓦纳,白俄罗斯,伯利兹,加拿大,瑞士,智利,中国,哥伦比亚,哥斯达黎加,塞浦路斯,捷克共和国,德国,丹麦,阿尔及利亚,厄瓜多尔,爱沙尼亚,埃及,西班牙,芬兰,法国,英国,法属圭亚那,希腊,危地马拉,圭亚那,洪都拉斯,克罗地亚,匈牙利,印度尼西亚,爱尔兰,以色列,印度,冰岛,意大利,吉尔吉斯斯坦,朝鲜,哈萨克斯坦,列支敦士登,斯里兰卡,莱索托,立陶宛,卢森堡,拉脱维亚,摩洛哥,摩纳哥,摩尔多瓦,黑山共和国,马其顿,马耳他,墨西哥,马来西亚,纳米比亚,尼加拉瓜,荷兰,挪威,尼尼泊尔,巴拿马,秘鲁,波兰,葡萄牙,巴拉圭,罗马尼亚,塞尔维亚,俄罗斯联邦,瑞典,斯洛文尼亚,斯洛伐克,圣马力诺,苏里南,萨尔瓦多,斯威士兰,塔吉克斯坦,土库曼斯坦,突尼斯,土耳其共和国,特立尼达和多巴哥,台湾,美国,乌拉圭,乌兹别克斯坦,梵蒂冈城国,委内瑞拉,越南,科索沃共和国,南非,津巴布韦,日本,澳大利亚,新西兰,新加坡,缅甸,泰国,菲律宾
zh-tw,中国語（繁体）,安道爾,阿爾巴尼亞,亞美尼亞,阿根廷,奧地利,阿塞拜疆,波斯尼亞和黑塞哥維那（簡稱：波黑,孟加拉國,比利時,保加利亞,玻利維亞,巴西,不丹,博茨瓦納,白俄羅斯,伯利茲,加拿大,瑞士,智利,中國,哥倫比亞,哥斯達黎加,塞浦路斯,捷克共和國,德國,丹麥,阿爾及利亞,厄瓜多爾,愛沙尼亞,埃及,西班牙,芬蘭,法國,英國,法屬圭亞那,希臘,危地馬拉,圭亞那,洪都拉斯,克羅地亞,匈牙利,印度尼西亞,愛爾蘭,以色列,印度,冰島,意大利,吉爾吉斯斯坦,朝鮮,哈薩克斯坦,列支敦士登,斯里蘭卡,萊索托,立陶宛,盧森堡,拉脫維亞,摩洛哥,摩納哥,摩爾多瓦,黑山共和國,馬其頓,馬耳他,墨西哥,馬來西亞,納米比亞,尼加拉瓜,荷蘭,挪威,尼尼泊爾,巴拿馬,秘魯,波蘭,葡萄牙,巴拉圭,羅馬尼亞,塞爾維亞,俄羅斯聯邦,瑞典,斯洛文尼亞,斯洛伐克,聖馬力諾,蘇里南,薩爾瓦多,斯威士蘭,塔吉克斯坦,土庫曼斯坦,突尼斯,土耳其共和國,特立尼達和多巴哥,台灣,美國,烏拉圭,烏茲別克斯坦,梵蒂岡城國,委內瑞拉,越南,科索沃共和國,南非,津巴布韋,日本,澳大利亞,新西蘭,新加坡,緬甸,泰國,菲律賓
hr,クロアチア語,Andora,Albanija,Armenija,Argentina,Austrija,Azerbejdžan,Bosna i Hercegovina,Bangladeš,Belgija,Bugarska,Bolivija,Brazil,Butan,Bocvana,Bjelorusija,Belize,Kanada,Švicarska,Čile,Kina,Kolumbija,Kostarika,Cipar,Češka Republika,Njemačka,Danska,Alžir,Ekvador,Estonija,Egipat,Španjolska,Finska,Francuska,Ujedinjeno Kraljevstvo,Francuska Gvajana,Grčka,Gvatemala,Gvajana,Honduras,Hrvatska,Mađarska,Indonezija,Irska,Izrael,Indija,Island,Italija,Kirgistan,Koreja,Kazahstan,Lihtenštajn,Šri Lanka,Lesoto,Litva,Luksemburg,Latvija,Maroko,Monako,Moldavija,Crna Gora,Makedonija,Malta,Meksiko,Malezija,Namibiji,Nikaragva,Nizozemska,Norveška,Nepal,Panama,Peru,Poljska,Portugal,Paragvaj,Rumunjska,Srbija,Ruska Federacija,Švedska,Slovenija,Slovačka,San Marino,Surinam,El Salvador,Svazilend,Tadžikistana,Turkmenistana,Tunis,Republika Turska,Trinidad i Tobago,Tajvan,Ujedinjene države,Urugvaj,Uzbekistana,Država Vatikan,Venezuela,Vijetnam,Republika Kosovo,Južna Afrika,Zimbabve,Japan,Australija,Novi Zeland,Singapur,Mijanmar,Tajland,Filipini
cs,チェコ語,Andorra,Albánie,Arménie,Argentina,Rakousko,Ázerbajdžán,Bosna a Hercegovina,Bangladéš,Belgie,Bulharsko,Bolívie,Brazílie,Bhútán,Botswana,Bělorusko,Belize,Kanada,Švýcarsko,Chile,Čína,Kolumbie,Kostarika,Kypr,Česká republika,Německo,Dánsko,Alžírsko,Ekvádor,Estonsko,Egypt,Španělsko,Finsko,Francie,Spojené království,Francouzská Guyana,Řecko,Guatemala,Guyana,Honduras,Chorvatsko,Maďarsko,Indonésie,Irsko,Izrael,Indie,Island,Itálie,Kyrgyzstán,Korea,Kazachstán,Lichtenštejnsko,Srí Lanka,Lesotho,Litva,Lucembursko,Lotyšsko,Maroko,Monako,Moldavsko,Černá Hora,Makedonie,Malta,Mexiko,Malajsie,Namibie,Nikaragua,Holandsko,Norsko,Nepál,Panama,Peru,Polsko,Portugalsko,Paraguay,Rumunsko,Srbsko,Ruská Federace,Švédsko,Slovinsko,Slovensko,San Marino,Surinam,El Salvador,Svazijsko,Tádžikistán,Turkmenistán,Tunisko,Turecká republika,Trinidad a Tobago,Tchaj-wan,Spojené státy,Uruguay,Uzbekistán,Vatikánský městský stát,Venezuela,Vietnam,Republika Kosovo,Jižní Afrika,Zimbabwe,Japonsko,Austrálie,Nový Zéland,Singapur,Myanmar,Thajsko,Filipíny
da,デンマーク語,Andorra,Albanien,Armenien,Argentina,Østrig,Aserbajdsjan,Bosnien-Hercegovina,Bangladesh,Belgien,Bulgarien,Bolivia,Brasilien,Bhutan,Botswana,Hviderusland,Belize,Canada,Schweiz,Chile,Kina,Colombia,Costa Rica,Cypern,Tjekkiet,Tyskland,Danmark,Algeriet,Ecuador,Estland,Egypten,Spanien,Finland,Frankrig,Det Forenede Kongerige,Fransk Guyana,Grækenland,Guatemala,Guyana,Honduras,Kroatien,Ungarn,Indonesien,Irland,Israel,Indien,Island,Italien,Kirgisistan,Korea,Kasakhstan,Liechtenstein,Sri Lanka,Lesotho,Litauen,Luxembourg,Letland,Marokko,Monaco,Moldova,Montenegro,Makedonien,Malta,Mexico,Malaysia,Namibia,Nicaragua,Holland,Norge,Nepal,Panama,Peru,Polen,Portugal,Paraguay,Rumænien,Serbien,Den Russiske Føderation,Sverige,Slovenien,Slovakiet,San Marino,Surinam,El Salvador,Swaziland,Tadsjikistan,Turkmenistan,Tunesien,Republikken Tyrkiet,Trinidad og Tobago,Taiwan,Forenede Stater,Uruguay,Usbekistan,Vatikanstaten,Venezuela,Vietnam,Republikken Kosovo,Sydafrika,Zimbabwe,Japan,Australien,New Zealand,Singapore,Myanmar,Thailand,Filippinerne
nl,オランダ語,Andorra,Albanië,Armenië,Argentinië,Oostenrijk,Azerbeidzjan,Bosnië-Herzegovina,Bangladesh,Belgie,Bulgarije,Bolivia,Brazilië,Bhutan,Botswana,Wit-Rusland,Belize,Canada,Zwitserland,Chili,China,Colombia,Costa Rica,Cyprus,Tsjechië,Duitsland,Denemarken,Algerije,Ecuador,Estland,Egypte,Spanje,Finland,Frankrijk,Verenigd Koninkrijk,Frans Guyana,Griekenland,Guatemala,Guyana,Honduras,Kroatië,Hongarije,Indonesië,Ierland,Israël,India,IJsland,Italië,Kirgizië,Korea,Kazachstan,Liechtenstein,Sri Lanka,Lesotho,Litouwen,Luxemburg,Letland,Marokko,Monaco,Moldavië,Montenegro,Macedonië,Malta,Mexico,Maleisië,Namibië,Nicaragua,Nederland,Noorwegen,Nepal,Panama,Peru,Polen,Portugal,Paraguay,Roemenië,Servië,Russische Federatie,Zweden,Slovenië,Slowakije,San Marino,Suriname,El Salvador,Swaziland,Tadzjikistan,Turkmenistan,Tunesië,republiek van Turkije,Trinidad en Tobago,Taiwan,Verenigde Staten,Uruguay,Oezbekistan,Vaticaanstad,Venezuela,Vietnam,Republiek Kosovo,Zuid-Afrika,Zimbabwe,Japan,Australië,Nieuw-Zeeland,Singapore,Myanmar,Thailand,Filippijnen
et,エストニア語,Andorra,Albaania,Armeenia,Argentina,Austria,Aserbaidžaan,Bosnia ja Hertsegoviina,Bangladesh,Belgia,Bulgaaria,Boliivia,Brasiilia,Bhutan,Botswana,Valgevene,Belize,Kanada,Šveits,Tšiili,Hiina,Kolumbia,Costa Rica,Küpros,Tšehhi Vabariik,Saksamaa,Taani,Alžeeria,Ecuador,Eesti,Egiptus,Hispaania,Soome,Prantsusmaa,Ühendkuningriik,Prantsuse Guajaana,Kreeka,Guatemala,Guajaana,Honduras,Horvaatia,Ungari,Indoneesia,Iirimaa,Iisrael,India,Island,Itaalia,Kõrgõzstan,Korea,Kasahstan,Liechtenstein,Sri Lanka,Lesotho,Leedu,Luksemburg,Läti,Maroko,Monaco,Moldova,Montenegro,Makedoonia,Malta,Mehhiko,Malaisia,Namiibia,Nicaragua,Holland,Norra,Nepal,Panama,Peruu,Poola,Portugal,Paraguay,Rumeenia,Serbia,Venemaa Föderatsioon,Rootsi,Sloveenia,Slovakkia,San Marino,Suriname,El Salvador,Svaasimaa,Tadžikistan,Türkmenistan,Tuneesia,Türgi Vabariik,Trinidad ja Tobago,Taiwan,Ühendriigid,Uruguay,Usbekistan,Vatikani linnriik,Venezuela,Vietnam,Kosovo Vabariik,Lõuna-Aafrika,Zimbabwe,Jaapan,Austraalia,Uus-Meremaa,Singapur,Myanmar,Tai,Filipiinid
fi,フィンランド語,Andorra,Albania,Armenia,Argentiina,Itävalta,Azerbaidžan,Bosnia ja Hertsegovina,Bangladesh,Belgia,Bulgaria,Bolivia,Brasilia,Bhutan,Botswana,Valko-Venäjä,Belize,Kanada,Sveitsi,Chile,Kiina,Kolumbia,Costa Rica,Kypros,Tšekin tasavalta,Saksa,Tanska,Algeria,Ecuador,Viro,Egypti,Espanja,Suomi,Ranska,Yhdistynyt kuningaskunta,Ranskan Guayana,Kreikka,Guatemala,Guyana,Honduras,Kroatia,Unkari,Indonesia,Irlanti,Israel,Intia,Islanti,Italia,Kirgisia,Korea,Kazakstan,Liechtenstein,Sri Lanka,Lesotho,Liettua,Luxemburg,Latvia,Marokko,Monaco,Moldova,Montenegro,Makedonia,Malta,Meksiko,Malesia,Namibia,Nicaragua,Alankomaat,Norja,Nepal,Panama,Peru,Puola,Portugali,Paraguay,Romania,Serbia,Venäjän federaatio,Ruotsi,Slovenia,Slovakia,San Marino,Suriname,El Salvador,Swazimaa,Tadžikistan,Turkmenistan,Tunisia,Turkin tasavalta,Trinidad ja Tobago,Taiwan,Yhdysvallat,Uruguay,Uzbekistan,Vatikaanin kaupunkivaltio,Venezuela,Vietnam,Kosovon tasavalta,Etelä-Afrikka,Zimbabwe,Japani,Australia,Uusi Seelanti,Singapore,Myanmar,Thaimaa,Filippiinit
fr,フランス語,Andorre,Albanie,Arménie,Argentine,L'Autriche,Azerbaïdjan,Bosnie Herzégovine,Bangladesh,la Belgique,Bulgarie,Bolivie,Brésil,Bhoutan,Botswana,Biélorussie,Belize,Canada,la Suisse,Chili,Chine,Colombie,Costa Rica,Chypre,République tchèque,Allemagne,Danemark,Algérie,Equateur,Estonie,Egypte,Espagne,Finlande,France,Royaume-Uni,Guyane Française,Grèce,Guatemala,Guyane,Honduras,Croatie,Hongrie,Indonésie,Irlande,Israël,Inde,Islande,Italie,Kirghizistan,Corée,Kazakhstan,Liechtenstein,Sri Lanka,Lesotho,Lituanie,Luxembourg,Lettonie,Maroc,Monaco,Moldavie,Monténégro,Macédoine,Malte,Mexique,Malaisie,Namibie,Nicaragua,Pays-Bas,Norvège,Népal,Panama,Pérou,Pologne,le Portugal,Paraguay,Roumanie,Serbie,Fédération Russe,Suède,Slovénie,Slovaquie,Saint Marin,Suriname,Le Salvador,Swaziland,Tadjikistan,Turkménistan,Tunisie,République de Turquie,Trinité-et-Tobago,Taïwan,États Unis,Uruguay,Ouzbékistan,État de la Cité du Vatican,Venezuela,Viet Nam,République du Kosovo,Afrique du Sud,Zimbabwe,Japon,Australie,Nouvelle-Zélande,Singapour,Myanmar,Thaïlande,Philippines
de,ドイツ語,Andorra,Albanien,Armenien,Argentinien,Österreich,Aserbaidschan,Bosnien und Herzegowina,Bangladesch,Belgien,Bulgarien,Bolivien,Brasilien,Bhutan,Botswana,Weißrussland,Belize,Kanada,Schweiz,Chile,China,Kolumbien,Costa Rica,Zypern,Tschechische Republik,Deutschland,Dänemark,Algerien,Ecuador,Estland,Ägypten,Spanien,Finnland,Frankreich,Vereinigtes Königreich,Französisch-Guayana,Griechenland,Guatemala,Guyana,Honduras,Kroatien,Ungarn,Indonesien,Irland,Israel,Indien,Island,Italien,Kirgisistan,Korea,Kasachstan,Liechtenstein,Sri Lanka,Lesotho,Litauen,Luxemburg,Lettland,Marokko,Monaco,Moldawien,Montenegro,Mazedonien,Malta,Mexiko,Malaysia,Namibia,Nicaragua,Niederlande,Norwegen,Nepal,Panama,Peru,Polen,Portugal,Paraguay,Rumänien,Serbien,Russische Föderation,Schweden,Slowenien,Slowakei,San Marino,Suriname,El Salvador,Swasiland,Tadschikistan,Turkmenistan,Tunesien,Türkische Republik,Trinidad und Tobago,Taiwan,Vereinigte Staaten,Uruguay,Usbekistan,Staat der Vatikanstadt,Venezuela,Vietnam,Republik Kosovo,Südafrika,Zimbabwe,Japan,Australien,Neuseeland,Singapur,Myanmar,Thailand,Philippinen
he,ヘブライ語,אנדורה,אלבניה,אַרְמֶנִיָה,ארגנטינה,אוֹסְטְרֵיָה,אזרבייג'ן,בוסניה והרצגובינה,בנגלדש,בלגיה,בולגריה,בוליביה,בְּרָזִיל,בהוטן,בוצואנה,בלארוס,בליז,קנדה,שוויץ,צ'ילה,חרסינה,קולומביה,קוסטה ריקה,קַפרִיסִין,הרפובליקה הצ'כית,גֶרמָנִיָה,דנמרק,אלג'יריה,אקוודור,אסטוניה,מִצְרַיִם,סְפָרַד,פינלנד,צָרְפַת,הממלכה המאוחדת,גיאנה הצרפתית,יָוָן,גואטמלה,גיאנה,הונדורס,קרואטיה,הונגריה,אִינדוֹנֵזִיָה,אירלנד,ישראל,הוֹדוּ,אִיסלַנד,אִיטַלִיָה,קירגיזסטן,קוריאה,קזחסטן,ליכטנשטיין,סרי לנקה,לסוטו,ליטא,לוקסמבורג,לטביה,מָרוֹקוֹ,מונקו,מולדובה,מונטנגרו,מוּקדוֹן,מלטה,מקסיקו,מלזיה,נמיביה,ניקרגואה,הולנד,נורווגיה,נפאל,פנמה,פרו,פּוֹלִין,פּוֹרטוּגָל,פרגוואי,רומניה,סרביה,הפדרציה הרוסית,שבדיה,סלובניה,סלובקיה,סן מרינו,סורינאם,אל סלבדור,סווזילנד,טג'יקיסטן,טורקמניסטן,תוניסיה,הרפובליקה של טורקיה,טרינידד וטובגו,טייוואן,ארצות הברית,אורוגוואי,אוזבקיסטן,מדינת הוותיקן,ונצואלה,וייטנאם,הרפובליקה של קוסובו,דרום אפריקה,זימבבואה,יפן,אוֹסטְרַלִיָה,ניו זילנד,סינגפור,מיאנמר,תאילנד,הפיליפינים
hi,ヒンディー語,एंडोरा,अल्बानिया,आर्मीनिया,अर्जेंटीना,ऑस्ट्रिया,आज़रबाइजान,बोस्निया और हर्जेगोविना,बांग्लादेश,बेल्जियम,बुल्गारिया,बोलीविया,ब्राज़िल,भूटान,बोत्सवाना,बेलोरूस,बेलीज़,कनाडा,स्विट्ज़रलैंड,चिली,चीन,कोलंबिया,कोस्टा रिका,साइप्रस,चेक रिपब्लिक,जर्मनी,डेनमार्क,एलजीरिया,इक्वेडोर,एस्तोनिया,मिस्र,स्पेन,फिनलैंड,फ्रांस,यूनाइटेड किंगडम,फ्रेंच गयाना,यूनान,ग्वाटेमाला,गुयाना,होंडुरस,क्रोएशिया,हंगरी,इंडोनेशिया,आयरलैंड,इजराइल,भारत,आइसलैंड,इटली,किर्गिज़स्तान,कोरिया,कजाखस्तान,लिकटेंस्टाइन,श्री लंका,लिसोटो,लिथुआनिया,लक्समबर्ग,लातविया,मोरक्को,मोनाको,मोलदोवा,मोंटेनेग्रो,मैसेडोनिया,माल्टा,मेक्सिको,मलेशिया,नामिबिया,निकारागुआ,नीदरलैंड,नॉर्वे,नेपाल,पनामा,पेरू,पोलैंड,पुर्तगाल,परागुआ,रोमानिया,सर्बिया,रूसी संघ,स्वीडन,स्लोवेनिया,स्लोवाकिया,सैन मैरीनो,सूरीनाम,एल साल्वाडोर,स्वाजीलैंड,तजाकिस्तान,तुर्कमेनिस्तान,ट्यूनीशिया,तुर्की का गणतंत्र,त्रिनिदाद और टोबैगो,ताइवान,संयुक्त राज्य अमेरिका,उरुग्वे,उज़्बेकिस्तान,वेटिकन सिटी राज्य,वेनेजुएला,वियतनाम,कोसोवो गणराज्य,दक्षिण अफ्रीका,जिम्बाब्वे,जापान,ऑस्ट्रेलिया,न्यूज़ीलैंड,सिंगापुर,म्यांमार,थाईलैंड,फिलीपींस
hu,ハンガリー語,Andorra,Albánia,Örményország,Argentína,Ausztria,Azerbajdzsán,Bosznia és Hercegovina,Banglades,Belgium,Bulgária,Bolívia,Brazília,Bhután,Botswana,Fehéroroszország,Belize,Kanada,Svájc,Chile,Kína,Colombia,Costa Rica,Ciprus,Cseh Köztársaság,Németország,Dánia,Algéria,Ecuador,Észtország,Egyiptom,Spanyolország,Finnország,Franciaország,Egyesült Királyság,Francia Guyana,Görögország,Guatemala,Guyana,Honduras,Horvátország,Magyarország,Indonézia,Írország,Izrael,India,Izland,Olaszország,Kirgizisztán,Korea,Kazahsztán,Liechtenstein,Srí Lanka,Lesotho,Litvánia,Luxemburg,Lettország,Marokkó,Monaco,Moldova,Montenegró,Macedónia,Málta,Mexikó,Malaysia,Namíbia,Nicaragua,Hollandia,Norvégia,Nepál,Panama,Peru,Lengyelország,Portugália,Paraguay,Románia,Szerbia,Orosz Föderáció,Svédország,Szlovénia,Szlovákia,San Marino,Suriname,El Salvador,Szváziföld,Tádzsikisztán,Türkmenisztán,Tunézia,Török Köztársaság,Trinidad és Tobago,Tajvan,Egyesült Államok,Uruguay,Üzbegisztán,Vatikánvárosi állam,Venezuela,Vietnam,Koszovói Köztársaság,Dél-Afrika,Zimbabwe,Japán,Ausztrália,Új Zéland,Szingapúr,Mianmar,Thaiföld,Fülöp-szigetek
is,アイスランド語,Andorra,Albanía,Armenía,Argentína,Austurríki,Aserbaídsjan,Bosnía og Hersegóvína,Bangladess,Belgía,Búlgaría,Bólivía,Brasilía,Bútan,Botsvana,Hvíta-Rússland,Belís,Kanada,Sviss,Chile,Kína,Kólumbíu,Kosta Ríka,Kýpur,Tékkland,Þýskalandi,Danmörk,Alsír,Ekvador,Eistland,Egyptaland,Spánn,Finnland,Frakkland,Bretland,Franska Gvæjana,Grikkland,Gvatemala,Gvæjana,Hondúras,Króatía,Ungverjalandi,Indónesía,Írland,Ísrael,Indland,Ísland,Ítalía,Kirgistan,Kóreu,Kasakstan,Liechtenstein,Sri Lanka,Lesótó,Litháen,Lúxemborg,Lettland,Marokkó,Mónakó,Moldóva,Svartfjallaland,Makedónía,Malta,Mexíkó,Malasía,Namibía,Níkaragva,Holland,Noregur,Nepal,Panama,Perú,Pólland,Portúgal,Paragvæ,Rúmenía,Serbía,Rússland,Svíþjóð,Slóvenía,Slóvakía,San Marínó,Súrínam,El Salvador,Svasíland,Tadsjikistan,Túrkmenistan,Túnis,Lýðveldið Tyrkland,Trínidad og Tóbagó,Taívan,Bandaríkin,Úrúgvæ,Úsbekistan,Vatíkanríkið,Venesúela,Víetnam,Lýðveldið Kosovo,Suður-Afríka,Simbabve,Japan,Ástralía,Nýja Sjáland,Singapore,Mjanmar,Tæland,Filippseyjar
id,インドネシア語,Andorra,Albania,Armenia,Argentina,Austria,Azerbaijan,Bosnia dan Herzegovina,Bangladesh,Belgium,Bulgaria,Bolivia,Brazil,Bhutan,Botswana,Belarusia,Belize,Kanada,Swiss,Chile,Cina,Kolumbia,Kosta Rika,Siprus,Republik Ceko,Jerman,Denmark,Aljazair,Ekuador,Estonia,Mesir,Spanyol,Finlandia,Perancis,Britania Raya,Guyana Perancis,Yunani,Guatemala,Guyana,Honduras,Kroasia,Hungaria,Indonesia,Irlandia,Israel,India,Islandia,Italia,Kirgistan,Korea,Kazakhstan,Liechtenstein,Srilanka,Lesotho,Lithuania,Luksemburg,Latvia,Maroko,Monaco,Moldova,Montenegro,Makedonia,Malta,Mexico,Malaysia,Namibia,Nikaragua,Belanda,Norway,Nepal,Panama,Peru,Polandia,Portugal,Paraguay,Rumania,Serbia,Federasi Rusia,Swedia,Slovenia,Slowakia,San Marino,Suriname,El Salvador,Swaziland,Tajikistan,Turkmenistan,Tunisia,Republik Turki,Trinidad dan Tobago,Taiwan,Amerika Serikat,Uruguay,Uzbekistan,Negara Kota Vatikan,Venezuela,Vietnam,Republik Kosovo,Afrika Selatan,Zimbabwe,Jepang,Australia,Selandia Baru,Singapura,Myanmar,Thailand,Filipina
ga,アイルランド語,Andóra,Albáin,Airméin,An Airgintín,An Ostair,An Asarbaiseáin,An Bhoisnia agus Heirseagaivéin,An Bhanglaidéis,An Bheilg,An Bhulgáir,An Bholaiv,An Bhrasaíl,An Bhútáin,An Bhotsuáin,An Bhealarúis,An Bheilís,Ceanada,An Eilvéis,An tSile,An tSín,An Cholóim,Costa Rica,An Chipir,Poblacht na Seice,An Ghearmáin,An Danmhairg,An Ailgéir,Eacuadór,An Eastóin,An Éigipt,an Spáinn,An Fhionlainn,An Fhrainc,an Ríocht Aontaithe,Guáin na Fraince,An Ghréig,Guatamala,An Ghuáin,Hondúras,An Chróit,An Ungáir,An Indinéis,Éireann,Iosrael,An India,An Íoslainn,An Iodáil,An Chirgeastáin,An Chóiré,An Chasacstáin,Lichtinstéin,Srí Lanca,Leosóta,An Liotuáin,Lucsamburg,An Laitvia,Maracó,Monacó,An Mholdóiv,Montainéagró,Macadóine,Málta,Meicsiceo,An Mhalaeisia,Namaib,Nicearagua,An Ísiltír,An Iorua,Neipeal,Panama,Peiriú,An Pholainn,An Phortaingéil,Paragua,An Rómáin,An tSeirbia,Cónaidhm na Rúise,An tSualainn,An tSlóivéin,An tSlóvaic,San Mairíne,Suranam,El Salvador,An tSuasalainn,Táidsíceastáin,An Tuircméanastáin,An Túinéis,Poblacht na Tuirce,Oileán na Tríonóide agus Tobága,Taiwan,Stáit Aontaithe,Uragua,Úisbéiceastáin,Stát Chathair na Vatacáine,Veiniséala,Viet Nam,Poblacht na Cosaive,an Afraic Theas,An tSiombáib,An tSeapáin,An Astráil,An Nua-Shéalainn,Singeapór,Maenmar,An Téalainn,Na hOileáin Fhilipíneacha
it,イタリア語,Andorra,Albania,Armenia,Argentina,Austria,Azerbaigian,Bosnia Erzegovina,Bangladesh,Belgio,Bulgaria,Bolivia,Brasile,Bhutan,Botswana,Bielorussia,Belize,Canada,Svizzera,Chile,Cina,Colombia,Costa Rica,Cipro,Repubblica Ceca,Germania,Danimarca,Algeria,Ecuador,Estonia,Egitto,Spagna,Finlandia,Francia,Regno Unito,Guiana francese,Grecia,Guatemala,Guyana,Honduras,Croazia,Ungheria,Indonesia,Irlanda,Israele,India,Islanda,Italia,Kirghizistan,Corea,Kazakistan,Liechtenstein,Sri Lanka,Lesotho,Lituania,Lussemburgo,Lettonia,Marocco,Monaco,Moldova,Montenegro,Macedonia,Malta,Messico,Malaysia,Namibia,Nicaragua,Olanda,Norvegia,Nepal,Panama,Perù,Polonia,Portogallo,Paraguay,Romania,Serbia,Federazione Russa,Svezia,Slovenia,Slovacchia,San Marino,Suriname,El Salvador,Swaziland,Tagikistan,Turkmenistan,Tunisia,Repubblica turca,Trinidad e Tobago,Taiwan,stati Uniti,Uruguay,Uzbekistan,Stato della Città del Vaticano,Venezuela,Viet Nam,Repubblica del Kosovo,Sud Africa,Zimbabwe,Giappone,Australia,Nuova Zelanda,Singapore,Myanmar,Tailandia,Filippine
ja,日本語,アンドラ,アルバニア,アルメニア,アルゼンチン,オーストリア,アゼルバイジャン,ボスニア・ヘルツェゴビナ,バングラデシュ,ベルギー,ブルガリア,ボリビア,ブラジル,ブータン,ボツワナ,ベラルーシ,ベリーズ,カナダ,スイス,チリ,中国,コロンビア,コスタリカ,キプロス,チェコ共和国,ドイツ,デンマーク,アルジェリア,エクアドル,エストニア,エジプト,スペイン,フィンランド,フランス,イギリス,フランス領ギアナ,ギリシャ,グアテマラ,ガイアナ,ホンジュラス,クロアチア,ハンガリー,インドネシア,アイルランド,イスラエル,インド,アイスランド,イタリア,キルギスタン,韓国,カザフスタン,リヒテンシュタイン,スリランカ,レソト,リトアニア,ルクセンブルク,ラトビア,モロッコ,モナコ,モルドバ,モンテネグロ,マケドニア,マルタ,メキシコ,マレーシア,ナミビア,ニカラグア,オランダ,ノルウェー,ネパール,パナマ,ペルー,ポーランド,ポルトガル,パラグアイ,ルーマニア,セルビア,ロシア連邦,スウェーデン,スロベニア,スロバキア,サンマリノ,スリナム,エルサルバドル,スワジランド,タジキスタン,トルクメニスタン,チュニジア,トルコ共和国,トリニダード・トバゴ,台湾,アメリカ,ウルグアイ,ウズベキスタン,バチカン市国,ベネズエラ,ベトナム,コソボ共和国,南アフリカ,ジンバブエ,日本,オーストラリア,ニュージーランド,シンガポール,ミャンマー,タイ,フィリピン
ko,朝鮮語,안도라,알바니아,아르메니아,아르헨티나,오스트리아,아제르바이잔,보스니아 헤르체고비나,방글라데시,벨기에,불가리아,볼리비아,브라질,부탄,보츠와나,벨라루스,벨리즈,캐나다,스위스,칠레,중국,콜롬비아,코스타리카,키프로스,체코 공화국,독일,덴마크,알제리,에콰도르,에스토니아,이집트,스페인,핀란드,프랑스,영국,프랑스 령 기아나,그리스,과테말라,가이아나,온두라스,크로아티아,헝가리,인도네시아,아일랜드,이스라엘,인도,아이슬란드,이탈리아,키르기스스탄,대한민국,카자흐스탄,리히텐슈타인,스리랑카,레소토,리투아니아,룩셈부르크,라트비아,모로코,모나코,몰도바,몬테네그로,마케도니아,몰타,멕시코,말레이시아,나미비아,니카라과,네덜란드,노르웨이,네팔,파나마,페루,폴란드,포르투갈,파라과이,루마니아,세르비아,러시아 연방,스웨덴,슬로베니아,슬로바키아,산 마리노,수리남,엘살바도르,스와질랜드,타지키스탄,투르크 메니스탄,튀니지,터키 공화국,트리니다드 토바고,대만,미국,우루과이,우즈베키스탄,바티칸 시국,베네수엘라,베트남,코소보 공화국,남아프리카,짐바브웨,일본,호주,뉴질랜드,싱가포르,미얀마,태국,필리핀 제도
lv,ラトビア語,Andora,Albānija,Armēnija,Argentīna,Austrija,Azerbaidžāna,Bosnija un Hercegovina,Bangladeša,Beļģija,Bulgārija,Bolīvija,Brazīlija,Butāna,Botsvāna,Baltkrievija,Beliza,Kanāda,Šveice,Čīle,Ķīna,Kolumbija,Kostarika,Kipra,Čehu Republika,Vācija,Dānija,Alžīrija,Ekvadora,Igaunija,Ēģipte,Spānija,Somija,Francija,Apvienotā Karaliste,Franču Gviāna,Grieķija,Gvatemala,Gajāna,Hondurasa,Horvātija,Ungārija,Indonēzija,Īrija,Izraēla,Indija,Islande,Itālija,Kirgizstāna,Koreja,Kazahstāna,Lihtenšteina,Šrilanka,Lesoto,Lietuva,Luksemburga,Latvija,Maroka,Monako,Moldova,Melnkalne,Maķedonija,Malta,Meksika,Malaizija,Namībija,Nikaragva,Nīderlande,Norvēģija,Nepāla,Panama,Peru,Polija,Portugāle,Paragvaja,Rumānija,Serbija,Krievijas Federācija,Zviedrija,Slovēnija,Slovākija,Sanmarīno,Surinama,Salvadora,Svazilenda,Tadžikistāna,Turkmenistāna,Tunisija,Turcijas Republika,Trinidada un Tobāgo,Taivāna,Savienotās Valstis,Urugvaja,Uzbekistāna,Vatikāna Pilsētvalsts,Venecuēla,Vjetnama,Kosovas Republika,Dienvidāfrika,Zimbabve,Japāna,Austrālija,Jaunzēlande,Singapūra,Mjanma,Taizeme,Filipīnas
lt,リトアニア語,Andora,Albanija,Armėnija,Argentina,Austrija,Azerbaidžanas,Bosnija ir Hercegovina,Bangladešas,Belgija,Bulgarija,Bolivija,Brazilija,Butanas,Botsvana,Baltarusija,Belizas,Kanada,Šveicarija,Čilė,Kinija,Kolumbija,Kosta Rika,Kipras,Čekijos Respublika,Vokietija,Danija,Alžyras,Ekvadoras,Estija,Egiptas,Ispanija,Suomija,Prancūzija,Jungtinė Karalystė,Prancūzijos Gviana,Graikija,Gvatemala,Gajana,Hondūras,Kroatija,Vengrija,Indonezija,Airija,Izraelis,Indija,Islandija,Italija,Kirgizija,Korėja,Kazachstanas,Lichtenšteinas,Šri Lanka,Lesotas,Lietuva,Liuksemburgas,Latvija,Marokas,Monakas,Moldova,Juodkalnija,Makedonija,Malta,Meksika,Malaizija,Namibija,Nikaragva,Nyderlandai,Norvegija,Nepalas,Panama,Peru,Lenkija,Portugalija,Paragvajus,Rumunija,Serbija,Rusijos Federacija,Švedija,Slovėnija,Slovakija,San Marinas,Surinamas,Salvadoras,Svazilandas,Tadžikistanas,Turkmėnistanas,Tunisas,Turkijos Respublika,Trinidadas ir Tobagas,Taivanas,Jungtinės Valstijos,Urugvajus,Uzbekistanas,Vatikano miesto valstybė,Venesuela,Vietnamas,Kosovo Respublika,pietų Afrika,Zimbabvė,Japonija,Australija,Naujoji Zelandija,Singapūras,Mianmaras,Tailandas,Filipinai
ms,マレー語,Andorra,Albania,Armenia,Argentina,Austria,Azerbaijan,Bosnia dan Herzegovina,Bangladesh,Belgium,Bulgaria,Bolivia,Brazil,Bhutan,Botswana,Belarus,Belize,Kanada,Switzerland,Cili,China,Colombia,Costa rica,Cyprus,Republik Czech,Jerman,Denmark,Algeria,Ecuador,Estonia,Mesir,Sepanyol,Finland,Perancis,United Kingdom,Guyana Perancis,Yunani,Guatemala,Guyana,Honduras,Croatia,Hungary,Indonesia,Ireland,Israel,India,Iceland,Itali,Kyrgyzstan,Korea,Kazakhstan,Liechtenstein,Sri Lanka,Lesotho,Lithuania,Luxembourg,Latvia,Maghribi,Monaco,Moldova,Montenegro,Macedonia,Malta,Mexico,Malaysia,Namibia,Nicaragua,Belanda,Norway,Nepal,Panama,Peru,Poland,Portugal,Paraguay,Romania,Serbia,Persekutuan Russia,Sweden,Slovenia,Slovakia,San Marino,Nama Surin,El Salvador,Swaziland,Tajikistan,Turkmenistan,Tunisia,Republik Turki,Trinidad dan Tobago,Taiwan,Amerika Syarikat,Uruguay,Uzbekistan,Negeri Bandar Vatikan,Venezuela,Vietnam,Republik Kosovo,Afrika Selatan,Zimbabwe,Jepun,Australia,New Zealand,Singapura,Myanmar,Thailand,Filipina
mt,マルタ語,Andorra,Albanija,Armenja,Arġentina,L-Awstrija,Ażerbajġan,Il-Bożnja u Ħerzegovina,Bangladesh,Il-Belġju,Bulgarija,Bolivja,Brażil,Butan,Botswana,Il-Belarussja,Il-Beliże,Il-Kanada,L-Iżvizzera,Ċili,Iċ-Ċina,Kolombja,Il-Kosta Rika,Ċipru,Repubblika Ċeka,Il-Ġermanja,Id-Danimarka,Alġerija,L-Ekwador,L-Estonja,L-Eġittu,Spanja,Il-Finlandja,Franza,Ir-Renju Unit,Il-Gujana Franċiża,Il-Greċja,Il-Gwatemala,Il-Gujana,Il-Ħonduras,Il-Kroazja,L-Ungerija,L-Indoneżja,L-Irlanda,Iżrael,L-Indja,L-Islanda,L-Italja,Kirgiżistan,Korea,Il-Każakstan,Liechtenstein,Sri Lanka,Il-Lesoto,Il-Litwanja,Il-Lussemburgu,Il-Latvja,Il-Marokk,Monako,Il-Moldova,Montenegro,Il-Maċedonja,Malta,Messiku,Il-Malasja,In-Namibja,In-Nikaragwa,Olanda,In-Norveġja,Nepal,Panama,Il-Peru,Il-Polonja,Portugall,Il-Paragwaj,Ir-Rumanija,Is-Serbja,Federazzjoni Russa,L-Iżvezja,Is-Slovenja,Is-Slovakkja,San Marino,Surinam,El Salvador,Sważiland,Taġikistan,Turkmenistan,It-Tuneżija,Repubblika tat-Turkija,Trinidad u Tobago,Tajwan,Stati Uniti,Urugwaj,L-Użbekistan,Stat tal-Belt tal-Vatikan,Il-Venezwela,Il-Vjetnam,Ir-Repubblika tal-Kosovo,Afrika t'Isfel,Iż-Żimbabwe,Ġappun,L-Awstralja,New Zealand,Singapor,Il-Mjanmar,It-Tajlandja,Filippini
no,ノルウェー語,Andorra,Albania,Armenia,Argentina,Østerrike,Aserbajdsjan,Bosnia og Herzegovina,Bangladesh,Belgia,Bulgaria,Bolivia,Brasil,Bhutan,Botswana,Hviterussland,Belize,Canada,Sveits,Chile,Kina,Colombia,Costa Rica,Kypros,Tsjekkisk Republikk,Tyskland,Danmark,Algerie,Ecuador,Estland,Egypt,Spania,Finland,Frankrike,Storbritannia,fransk Guyana,Hellas,Guatemala,Guyana,Honduras,Kroatia,Ungarn,Indonesia,Irland,Israel,India,Island,Italia,Kirgisistan,Korea,Kasakhstan,Liechtenstein,Sri Lanka,Lesotho,Litauen,Luxembourg,Latvia,Marokko,Monaco,Moldova,Montenegro,Makedonia,Malta,Mexico,Malaysia,Namibia,Nicaragua,Nederland,Norge,Nepal,Panama,Peru,Polen,Portugal,Paraguay,Romania,Serbia,Russland,Sverige,Slovenia,Slovakia,San Marino,Surinam,El Salvador,Swaziland,Tadsjikistan,Turkmenistan,Tunisia,Republikken Tyrkia,Trinidad og Tobago,Taiwan,forente stater,Uruguay,Usbekistan,Vatikanstaten,Venezuela,Vietnam,Republikken Kosovo,Sør-Afrika,Zimbabwe,Japan,Australia,New Zealand,Singapore,Myanmar,Thailand,Filippinene
nb-no,ノルウェー語 ブークモール,Andorra,Albania,Armenia,Argentina,Østerrike,Aserbajdsjan,Bosnia og Herzegovina,Bangladesh,Belgia,Bulgaria,Bolivia,Brasil,Bhutan,Botswana,Hviterussland,Belize,Canada,Sveits,Chile,Kina,Colombia,Costa Rica,Kypros,Tsjekkisk Republikk,Tyskland,Danmark,Algerie,Ecuador,Estland,Egypt,Spania,Finland,Frankrike,Storbritannia,fransk Guyana,Hellas,Guatemala,Guyana,Honduras,Kroatia,Ungarn,Indonesia,Irland,Israel,India,Island,Italia,Kirgisistan,Korea,Kasakhstan,Liechtenstein,Sri Lanka,Lesotho,Litauen,Luxembourg,Latvia,Marokko,Monaco,Moldova,Montenegro,Makedonia,Malta,Mexico,Malaysia,Namibia,Nicaragua,Nederland,Norge,Nepal,Panama,Peru,Polen,Portugal,Paraguay,Romania,Serbia,Russland,Sverige,Slovenia,Slovakia,San Marino,Surinam,El Salvador,Swaziland,Tadsjikistan,Turkmenistan,Tunisia,Republikken Tyrkia,Trinidad og Tobago,Taiwan,forente stater,Uruguay,Usbekistan,Vatikanstaten,Venezuela,Vietnam,Republikken Kosovo,Sør-Afrika,Zimbabwe,Japan,Australia,New Zealand,Singapore,Myanmar,Thailand,Filippinene
nb,ノルウェー語 ブークモール,Andorra,Albania,Armenia,Argentina,Østerrike,Aserbajdsjan,Bosnia og Herzegovina,Bangladesh,Belgia,Bulgaria,Bolivia,Brasil,Bhutan,Botswana,Hviterussland,Belize,Canada,Sveits,Chile,Kina,Colombia,Costa Rica,Kypros,Tsjekkisk Republikk,Tyskland,Danmark,Algerie,Ecuador,Estland,Egypt,Spania,Finland,Frankrike,Storbritannia,fransk Guyana,Hellas,Guatemala,Guyana,Honduras,Kroatia,Ungarn,Indonesia,Irland,Israel,India,Island,Italia,Kirgisistan,Korea,Kasakhstan,Liechtenstein,Sri Lanka,Lesotho,Litauen,Luxembourg,Latvia,Marokko,Monaco,Moldova,Montenegro,Makedonia,Malta,Mexico,Malaysia,Namibia,Nicaragua,Nederland,Norge,Nepal,Panama,Peru,Polen,Portugal,Paraguay,Romania,Serbia,Russland,Sverige,Slovenia,Slovakia,San Marino,Surinam,El Salvador,Swaziland,Tadsjikistan,Turkmenistan,Tunisia,Republikken Tyrkia,Trinidad og Tobago,Taiwan,forente stater,Uruguay,Usbekistan,Vatikanstaten,Venezuela,Vietnam,Republikken Kosovo,Sør-Afrika,Zimbabwe,Japan,Australia,New Zealand,Singapore,Myanmar,Thailand,Filippinene
pl,ポーランド語,Andora,Albania,Armenia,Argentyna,Austria,Azerbejdżan,Bośnia i Hercegowina,Bangladesz,Belgia,Bułgaria,Boliwia,Brazylia,Bhutan,Botswana,Białoruś,Belize,Kanada,Szwajcaria,Chile,Chiny,Kolumbia,Kostaryka,Cypr,Republika Czeska,Niemcy,Dania,Algieria,Ekwador,Estonia,Egipt,Hiszpania,Finlandia,Francja,Zjednoczone Królestwo,Gujana Francuska,Grecja,Gwatemala,Gujana,Honduras,Chorwacja,Węgry,Indonezja,Irlandia,Izrael,Indie,Islandia,Włochy,Kirgistan,Korea,Kazachstan,Liechtenstein,Sri Lanka,Lesotho,Litwa,Luksemburg,Łotwa,Maroko,Monako,Moldova,Czarnogóra,Macedonia,Malta,Meksyk,Malezja,Namibia,Nikaragua,Holandia,Norwegia,Nepal,Panama,Peru,Polska,Portugalia,Paragwaj,Rumunia,Serbia,Federacja Rosyjska,Szwecja,Słowenia,Słowacja,San Marino,Surinam,Salwador,Suazi,Tadżykistan,Turkmenia,Tunezja,Republika Turcji,Trynidad i Tobago,Tajwan,Stany Zjednoczone,Urugwaj,Uzbekistan,Państwo Watykańskie,Wenezuela,Viet Nam,Republika Kosowa,Afryka Południowa,Zimbabwe,Japonia,Australia,Nowa Zelandia,Singapur,Myanmar,Tajlandia,Filipiny
pt,ポルトガル語,Andorra,Albânia,Armênia,Argentina,Áustria,Azerbaijão,Bósnia e Herzegovina,Bangladesh,Bélgica,Bulgária,Bolívia,Brasil,Butão,Botswana,Bielo-Rússia,Belize,Canadá,Suíça,Chile,China,Colômbia,Costa Rica,Chipre,República Checa,Alemanha,Dinamarca,Argélia,Equador,Estônia,Egito,Espanha,Finlândia,França,Reino Unido,Guiana Francesa,Grécia,Guatemala,Guiana,Honduras,Croácia,Hungria,Indonésia,Irlanda,Israel,Índia,Islândia,Itália,Quirguistão,Coréia,Cazaquistão,Liechtenstein,Sri Lanka,Lesoto,Lituânia,Luxemburgo,Letônia,Marrocos,Mônaco,Moldova,Montenegro,Macedonia,Malta,México,Malásia,Namibia,Nicarágua,Países Baixos,Noruega,Nepal,Panamá,Peru,Polônia,Portugal,Paraguai,Romênia,Sérvia,Federação Russa,Suécia,Eslovênia,Eslováquia,San Marino,Suriname,El Salvador,Suazilândia,Tajiquistão,Turcomenistão,Tunísia,República da Turquia,Trinidad e Tobago,Taiwan,Estados Unidos,Uruguai,Uzbequistão,Estado da cidade do vaticano,Venezuela,Viet Nam,República do Kosovo,África do Sul,Zimbábue,Japão,Austrália,Nova Zelândia,Cingapura,Myanmar,Tailândia,Filipinas
ro,ルーマニア語、,Andorra,Albania,Armenia,Argentina,Austria,Azerbaidjan,Bosnia si Hertegovina,Bangladesh,Belgia,Bulgaria,Bolivia,Brazilia,Bhutan,Botswana,Bielorusia,Belize,Canada,Elveţia,Chile,China,Columbia,Costa Rica,Cipru,Republica Cehă,Germania,Danemarca,Algeria,Ecuador,Estonia,Egipt,Spania,Finlanda,Franţa,Regatul Unit,Guyana Franceză,Grecia,Guatemala,Guyana,Honduras,Croaţia,Ungaria,Indonezia,Irlanda,Israel,India,Islanda,Italia,Kârgâzstan,Coreea,Kazahstan,Liechtenstein,Sri Lanka,Lesotho,Lituania,Luxemburg,Letonia,Maroc,Monaco,Moldova,Muntenegru,Macedonia,Malta,Mexic,Malaezia,Namibia,Nicaragua,Olanda,Norvegia,Nepal,Panama,Peru,Polonia,Portugalia,Paraguay,România,Serbia,Federația Rusă,Suedia,Slovenia,Slovacia,San Marino,Surinam,El Salvador,Swaziland,Tadjikistan,Turkmenistan,Tunisia,Republica Turcă,Trinidad și Tobago,Taiwan,Statele Unite,Uruguay,Uzbekistan,Statul Vatican,Venezuela,Vietnam,Republica Kosovo,Africa de Sud,Zimbabwe,Japonia,Australia,Noua Zeelanda,Singapore,Myanmar,Tailanda,Filipine
ru,ロシア語,Андорра,Албания,Армения,Аргентина,Австрия,Азербайджан,Босния и Герцеговина,Бангладеш,Бельгия,Болгария,Боливия,Бразилия,Бутан,Ботсвана,Беларусь,Белиз,Канада,Швейцария,Чили,Китай,Колумбия,Коста-Рика,Кипр,Республика Чехия,Германия,Дания,Алжир,Эквадор,Эстония,Египет,Испания,Финляндия,Франция,Соединенное Королевство,Французская Гвиана,Греция,Гватемала,Гайана,Гондурас,Хорватия,Венгрия,Индонезия,Ирландия,Израиль,Индия,Исландия,Италия,Кыргызстан,Корея,Казахстан,Лихтенштейн,Шри-Ланка,Лесото,Литва,Люксембург,Латвия,Марокко,Монако,Молдова,Черногория,Македония,Мальта,Мексика,Малайзия,Намибия,Никарагуа,Нидерланды,Норвегия,Непал,Панама,Перу,Польша,Португалия,Парагвай,Румыния,Сербия,Российская Федерация,Швеция,Словения,Словакия,Сан-Марино,Суринам,Сальвадор,Свазиленд,Таджикистан,Туркменистан,Тунис,Турецкая республика,Тринидад и Тобаго,Тайвань,Соединенные Штаты,Уругвай,Узбекистан,Ватикан-город-государство,Венесуэла,Вьетнам,Республика Косово,Южная Африка,Зимбабве,Япония,Австралия,Новая Зеландия,Сингапур,Мьянма,Таиланд,Филиппины
sr,セルビア語,Андора,Албанија,Јерменија,Аргентина,Аустрија,Азербејџан,Босна и Херцеговина,Бангладеш,Белгија,Бугарска,Боливија,Бразил,Бутан,Боцвана,Белорусија,Белизе,Канада,Швајцарска,Чиле,Кина,Колумбија,Костарика,Кипар,Чешка,Немачка,Данска,Алжир,Еквадор,Естонија,Египат,Шпанија,Финска,Француска,Велика Британија,Француска Гвајана,Грчка,Гватемала,Гвајана,Хондурас,Хрватска,Мађарска,Индонезија,Ирска,Израел,Индија,Исланд,Италија,Киргистан,Кореја,Казахстан,Лихтенштајн,Шри Ланка,Лесото,Литванија,Луксембург,Летонија,Мароко,Монако,Молдавија,Црна Гора,Македонија,Малта,Мексико,Малезија,Намибија,Никарагва,Низоземска,Норвешка,Непал,Панама,Перу,Пољска,Португал,Парагвај,Румунија,Србија,Руска Федерација,Шведска,Словенија,Словачка,Сан-Марино,Суринам,Ел Салвадор,Свазиленд,Таџикистана,Туркменистан,Тунис,Република Турска,Тринидад и Тобаго,Тајван,Америка,Уругвај,Узбекистан,Држава Ватикан,Венезуела,Вијетнам,Република Косово,Јужна Африка,Зимбабве,Јапан,Аустралија,Нови Зеланд,Сингапур,Мјанмар,Тајланд,Филипини
si,シンハラ語,ඇන්ඩෝරා,ඇල්බේනියාව,ආර්මේනියාව,ආර්ජන්ටිනාව,ඔස්ට්‍රියාව,අසර්බයිජානය,බොස්නියාව සහ හර්සගොවිනාව,බංග්ලාදේශය,බෙල්ජියම,බල්ගේරියාව,බොලිවියාව,බ්රසීලය,භූතානය,බොට්ස්වානා,බෙලාරුස්,බෙලීස්,කැනඩාව,ස්විට්සර්ලන්තය,චිලී,චීනය,කොලොම්බියාව,කොස්ට රිකා,සයිප්‍රසය,චෙක් ජනරජය,ජර්මනිය,ඩෙන්මාර්කය,ඇල්ජීරියාව,ඉක්වදෝරය,එස්තෝනියාව,ඊජිප්තුව,ස්පා Spain ් .ය,ෆින්ලන්තය,ප්‍රංශය,එක්සත් රාජධානිය,ප්‍රංශ ගයනාව,ග්‍රීසිය,ග්වාතමාලාව,ගයනා,හොන්ඩුරාස්,ක්‍රොඒෂියාව,හංගේරියාව,ඉන්දුනීසියාව,අයර්ලන්තය,ඊශ්රායෙල්,ඉන්දියාව,අයිස්ලන්තය,ඉතාලිය,කිර්ගිස්තානය,කොරියාව,කසකස්තානය,ලිච්ටෙන්ස්ටයින්,ශ්රී ලංකාව,ලෙසෝතෝ,ලිතුවේනියාව,ලක්සම්බර්ග්,ලැට්වියාව,මොරොක්කෝව,මොනාකෝ,මෝල්ඩෝවා,මොන්ටිනිග්‍රෝ,මැසිඩෝනියාව,මෝල්ටාව,මෙක්සිකෝව,මැලේසියාව,නැමීබියාව,නිකරගුවාව,නෙදර්ලන්තය,නෝර්වේ,නේපාලය,පැනමාව,පේරු,පෝලන්තය,පෘතුගාලය,පැරගුවේ,රුමේනියාව,සර්බියාව,රුසියානු සමූහාණ්ඩුව,ස්වීඩනය,ස්ලොවේනියාව,ස්ලොවැකියාව,සැන් මරිනෝ,සුරිනේම්,එල් සැල්වදෝරය,ස්වාසිලන්තය,ටජිකිස්තානය,ටර්ක්මෙනිස්තානය,ටියුනීසියාව,තුර්කි ජනරජය,ට්රිනිඩෑඩ් සහ ටොබැගෝ,තායිවානය,එක්සත් ජනපදය,උරුගුවේ,උස්බෙකිස්තානය,වතිකානු නගර ප්‍රාන්තය,වෙනිසියුලාව,වියට්නාමය,කොසෝවෝ ජනරජය,දකුණු අප්රිකාව,සිම්බාබ්වේ,ජපානය,ඕස්ට්‍රේලියාව,නිව්සීලන්තය,සිංගප්පූරුව,මියන්මාරය,තායිලන්තය,පිලිපීනය
sk,スロバキア語,Andorra,Albánsko,Arménsko,Argentína,Rakúsko,Azerbajdžan,Bosna a Hercegovina,Bangladéš,Belgicko,Bulharsko,Bolívia,Brazília,Bhután,Botswana,Bielorusko,Belize,Kanada,Švajčiarsko,Čile,Čína,Kolumbia,Kostarika,Cyprus,Česká republika,Nemecko,Dánsko,Alžírsko,Ekvádor,Estónsko,Egypt,Španielsko,Fínsko,Francúzsko,Spojene kralovstvo,Francúzska Guiana,Grécko,Guatemala,Guyana,Honduras,Chorvátsko,Maďarsko,Indonézia,Írsko,Izrael,India,Island,Taliansko,Kirgizsko,Kórea,Kazachstan,Lichtenštajnsko,Srí Lanka,Lesotho,Litva,Luxembursko,Lotyšsko,Maroko,Monako,Moldavsko,Čierna Hora,Macedónsko,Malta,Mexiko,Malajzia,Namíbia,Nikaragua,Holandsko,Nórsko,Nepál,Panama,Peru,Poľsko,Portugalsko,Paraguaj,Rumunsko,Srbsko,Ruská federácia,Švédsko,Slovinsko,Slovensko,San Maríno,Surinam,El Salvador,Svazijsko,Tadžikistan,Turkménsko,Tunisko,Turecká republika,Trinidad a Tobago,Taiwan,Spojené štáty,Uruguaj,Uzbekistan,Vatikánsky mestský štát,Venezuela,Vietnam,Kosovskej republiky,južná Afrika,Zimbabwe,Japonsko,Austrália,Nový Zéland,Singapur,Mjanmarsko,Thajsko,Filipíny
sl,スロベニア語,Andora,Albanija,Armenija,Argentina,Avstrija,Azerbajdžan,Bosna in Hercegovina,Bangladeš,Belgija,Bolgarija,Bolivija,Brazilija,Butan,Bocvana,Belorusija,Belize,Kanada,Švica,Čile,Kitajska,Kolumbija,Kostarika,Ciper,Češka,Nemčija,Danska,Alžirija,Ekvador,Estonija,Egipt,Španija,Finska,Francija,Združeno kraljestvo,Francoska Gvajana,Grčija,Gvatemala,Gvajana,Honduras,Hrvaška,Madžarska,Indonezija,Irska,Izrael,Indija,Islandija,Italija,Kirgizija,Koreja,Kazahstan,Lihtenštajn,Šrilanka,Lesoto,Litva,Luksemburg,Latvija,Maroko,Monako,Moldavija,Črna gora,Makedonija,Malta,Mehika,Malezija,Namibijo,Nikaragva,Nizozemska,Norveška,Nepal,Panama,Peru,Poljska,Portugalska,Paragvaj,Romunija,Srbija,Ruska federacija,Švedska,Slovenija,Slovaška,San Marino,Surinam,El Salvador,Svazi,Tadžikistanu,Turkmenistan,Tunizija,Republike Turčije,Trinidad in Tobago,Tajvan,Združene države,Urugvaj,Uzbekistan,Vatikanska mestna država,Venezuela,Vietnam,Republike Kosovo,Južna Afrika,Zimbabve,Japonska,Avstralija,Nova Zelandija,Singapur,Mjanmar,Tajska,Filipini
es,スペイン語,Andorra,Albania,Armenia,Argentina,Austria,Azerbaiyán,Bosnia y Herzegovina,Bangladesh,Bélgica,Bulgaria,Bolivia,Brasil,Bután,Botswana,Bielorrusia,Belice,Canadá,Suiza,Chile,porcelana,Colombia,Costa Rica,Chipre,Republica checa,Alemania,Dinamarca,Argelia,Ecuador,Estonia,Egipto,España,Finlandia,Francia,Reino Unido,Guayana Francesa,Grecia,Guatemala,Guayana,Honduras,Croacia,Hungría,Indonesia,Irlanda,Israel,India,Islandia,Italia,Kirguistán,Corea,Kazajstán,Liechtenstein,Sri Lanka,Lesoto,Lituania,Luxemburgo,Letonia,Marruecos,Mónaco,Moldavia,Montenegro,macedonia,Malta,México,Malasia,Namibia,Nicaragua,Países Bajos,Noruega,Nepal,Panamá,Perú,Polonia,Portugal,Paraguay,Rumania,Serbia,Federación Rusa,Suecia,Eslovenia,Eslovaquia,San Marino,Surinam,El Salvador,Swazilandia,Tayikistán,Turkmenistán,Túnez,Republica de Turquía,Trinidad y Tobago,Taiwán,Estados Unidos,Uruguay,Uzbekistan,Estado de la Ciudad del Vaticano,Venezuela,Vietnam,República de Kosovo,Sudáfrica,Zimbabue,Japón,Australia,Nueva Zelanda,Singapur,Myanmar,Tailandia,Filipinas
sv,スウェーデン語,Andorra,Albanien,Armenien,Argentina,Österrike,Azerbajdzjan,Bosnien och Hercegovina,Bangladesh,Belgien,Bulgarien,Bolivia,Brasilien,Bhutan,Botswana,Vitryssland,Belize,Kanada,Schweiz,Chile,Kina,Colombia,Costa Rica,Cypern,Tjeckien,Tyskland,Danmark,Algeriet,Ecuador,Estland,Egypten,Spanien,Finland,Frankrike,Storbritannien,Franska Guyana,Grekland,Guatemala,Guyana,Honduras,Kroatien,Ungern,Indonesien,Irland,Israel,Indien,Island,Italien,Kirgizistan,Korea,Kazakstan,Liechtenstein,Sri Lanka,Lesotho,Litauen,Luxemburg,Lettland,Marocko,Monaco,Moldavien,Montenegro,Makedonien,Malta,Mexiko,Malaysia,Namibia,Nicaragua,Nederländerna,Norge,Nepal,Panama,Peru,Polen,Portugal,Paraguay,Rumänien,Serbien,Ryska Federationen,Sverige,Slovenien,Slovakien,San Marino,Surinam,El Salvador,Swaziland,Tadzjikistan,Turkmenistan,Tunisien,republiken Turkiet,Trinidad och Tobago,Taiwan,Förenta staterna,Uruguay,Uzbekistan,Vatikanstaten,Venezuela,Vietnam,Republiken Kosovo,Sydafrika,Zimbabwe,Japan,Australien,Nya Zeeland,Singapore,Myanmar,Thailand,Filippinerna
ta,タミル語,அன்டோரா,அல்பேனியா,ஆர்மீனியா,அர்ஜென்டினா,ஆஸ்திரியா,அஜர்பைஜான்,போஸ்னியா மற்றும் ஹெர்சகோவினா,பங்களாதேஷ்,பெல்ஜியம்,பல்கேரியா,பொலிவியா,பிரேசில்,பூட்டான்,போட்ஸ்வானா,பெலாரஸ்,பெலிஸ்,கனடா,சுவிட்சர்லாந்து,சிலி,சீனா,கொலம்பியா,கோஸ்ட்டா ரிக்கா,சைப்ரஸ்,செ குடியரசு,ஜெர்மனி,டென்மார்க்,அல்ஜீரியா,ஈக்வடார்,எஸ்டோனியா,எகிப்து,ஸ்பெயின்,பின்லாந்து,பிரான்ஸ்,ஐக்கிய இராச்சியம்,பிரஞ்சு கயானா,கிரீஸ்,குவாத்தமாலா,கயானா,ஹோண்டுராஸ்,குரோஷியா,ஹங்கேரி,இந்தோனேசியா,அயர்லாந்து,இஸ்ரேல்,இந்தியா,ஐஸ்லாந்து,இத்தாலி,கிர்கிஸ்தான்,கொரியா,கஜகஸ்தான்,லிச்சென்ஸ்டீன்,இலங்கை,லெசோதோ,லிதுவேனியா,லக்சம்பர்க்,லாட்வியா,மொராக்கோ,மொனாக்கோ,மால்டோவா,மாண்டினீக்ரோ,மாசிடோனியா,மால்டா,மெக்சிகோ,மலேசியா,நமீபியா,நிகரகுவா,நெதர்லாந்து,நோர்வே,நேபாளம்,பனாமா,பெரு,போலந்து,போர்ச்சுகல்,பராகுவே,ருமேனியா,செர்பியா,இரஷ்ய கூட்டமைப்பு,சுவீடன்,ஸ்லோவேனியா,ஸ்லோவாக்கியா,சான் மரினோ,சுரினேம்,எல் சல்வடோர்,ஸ்வாசிலாந்து,தஜிகிஸ்தான்,துர்க்மெனிஸ்தான்,துனிசியா,துருக்கி குடியரசு,டிரினிடாட் மற்றும் டொபாகோ,தைவான்,அமெரிக்கா,உருகுவே,உஸ்பெகிஸ்தான்,வத்திக்கான் நகர மாநிலம்,வெனிசுலா,வியட்நாம்,கொசோவோ குடியரசு,தென்னாப்பிரிக்கா,ஜிம்பாப்வே,ஜப்பான்,ஆஸ்திரேலியா,நியூசிலாந்து,சிங்கப்பூர்,மியான்மர்,தாய்லாந்து,பிலிப்பைன்ஸ்
tr,トルコ語,Andorra,Arnavutluk,Ermenistan,Arjantin,Avusturya,Azerbaycan,Bosna Hersek,Bangladeş,Belçika,Bulgaristan,Bolivya,Brezilya,Butan,Botsvana,Belarus,Belize,Kanada,İsviçre,Şili,Çin,Kolombiya,Kosta Rika,Kıbrıs,Çek Cumhuriyeti,Almanya,Danimarka,Cezayir,Ekvador,Estonya,Mısır,ispanya,Finlandiya,Fransa,Birleşik Krallık,Fransız Guyanası,Yunanistan,Guatemala,Guyana,Honduras,Hırvatistan,Macaristan,Endonezya,İrlanda,İsrail,Hindistan,İzlanda,İtalya,Kırgızistan,Kore,Kazakistan,Lihtenştayn,Sri Lanka,Lesoto,Litvanya,Lüksemburg,Letonya,Fas,Monako,Moldova,Karadağ,Makedonya,Malta,Meksika,Malezya,Namibya,Nikaragua,Hollanda,Norveç,Nepal,Panama,Peru,Polonya,Portekiz,Paraguay,Romanya,Sırbistan,Rusya Federasyonu,İsveç,Slovenya,Slovakya,San Marino,Surinam,El Salvador,Svaziland,Tacikistan,Türkmenistan,Tunus,Türkiye Cumhuriyeti,Trinidad ve Tobago,Tayvan,Amerika Birleşik Devletleri,Uruguay,Özbekistan,Vatikan Şehir Devleti,Venezuela,Vietnam,Kosova Cumhuriyeti,Güney Afrika,Zimbabve,Japonya,Avustralya,Yeni Zelanda,Singapur,Myanmar,Tayland,Filipinler
vi,ベトナム語,Andorra,Albania,Armenia,Argentina,Áo,Azerbaijan,Bosnia và Herzegovina,Bangladesh,nước Bỉ,Bungari,Bolivia,Brazil,Bhutan,Botswana,Belarus,Belize,Canada,Thụy sĩ,Chile,Trung Quốc,Colombia,Costa Rica,Síp,Cộng hòa Séc,nước Đức,Đan mạch,Algeria,Ecuador,Estonia,Ai cập,Tây ban nha,Phần Lan,Nước pháp,Vương quốc Anh,Guiana thuộc Pháp,Hy Lạp,Guatemala,Guyana,Honduras,Croatia,Hungary,Indonesia,Ireland,Người israel,Ấn Độ,Nước Iceland,Nước Ý,Kyrgyzstan,Hàn Quốc,Kazakhstan,Liechtenstein,Sri Lanka,Lesotho,Lithuania,Luxembourg,Latvia,Maroc,Monaco,Moldova,Montenegro,Macedonia,Malta,Mexico,Malaysia,Namibia,Nicaragua,nước Hà Lan,Na Uy,Nepal,Panama,Peru,Ba lan,Bồ Đào Nha,Paraguay,Romania,Xéc-bi-a,Liên bang Nga,Thụy Điển,Slovenia,Xlô-va-ki-a,San Marino,Suriname,El Salvador,Swaziland,Tajikistan,Turkmenistan,Tunisia,Cộng hòa Thổ Nhĩ Kỳ,Trinidad và Tobago,Đài loan,Hoa Kỳ,Uruguay,U-dơ-bê-ki-xtan,Thành phố Vatican,Venezuela,Việt Nam,Cộng hòa Kosovo,Nam Phi,Zimbabwe,Nhật Bản,Châu Úc,New Zealand,Singapore,Myanmar,nước Thái Lan,Phi-líp-pin
th,タイ語,อันดอร์รา,แอลเบเนีย,อาร์เมเนีย,อาร์เจนตินา,ออสเตรีย,อาเซอร์ไบจาน,บอสเนียและเฮอร์เซโก,บังกลาเทศ,เบลเยี่ยม,บัลแกเรีย,โบลิเวีย,บราซิล,ภูฏาน,บอตสวานา,เบลารุส,เบลีซ,แคนาดา,สวิตเซอร์แลนด์,ชิลี,ประเทศจีน,โคลอมเบีย,คอสตาริกา,ไซปรัส,สาธารณรัฐเช็ก,เยอรมนี,เดนมาร์ก,แอลจีเรีย,เอกวาดอร์,เอสโตเนีย,อียิปต์,สเปน,ฟินแลนด์,ฝรั่งเศส,ประเทศอังกฤษ,เฟรนช์เกีย,กรีซ,กัวเตมาลา,กายอานา,ฮอนดูรัส,โครเอเชีย,ฮังการี,อินโดนีเซีย,ไอร์แลนด์,อิสราเอล,อินเดีย,ไอซ์แลนด์,อิตาลี,คีร์กีซสถาน,เกาหลี,คาซัคสถาน,ลิกเตนสไตน์,ศรีลังกา,เลโซโท,ลิทัวเนีย,ลักเซมเบิร์ก,ลัตเวีย,โมร็อกโก,โมนาโก,มอลโดวา,มอนเตเนโกร,มาซิโดเนีย,มอลตา,เม็กซิโก,มาเลเซีย,นามิเบีย,นิการากัว,เนเธอร์แลนด์,นอร์เวย์,เนปาล,ปานามา,เปรู,โปแลนด์,โปรตุเกส,ประเทศปารากวัย,โรมาเนีย,เซอร์เบีย,สหพันธรัฐรัสเซีย,สวีเดน,สโลวีเนีย,สโลวาเกีย,ซานมาริโน,ซูรินาเม,เอลซัลวาดอร์,สวาซิแลนด์,ทาจิกิสถาน,เติร์กเมนิสถาน,ตูนิเซีย,สาธารณรัฐตุรกี,ตรินิแดดและโตเบโก,ไต้หวัน,สหรัฐ,อุรุกวัย,อุซเบกิสถาน,นครรัฐวาติกัน,เวเนซุเอลา,เวียดนาม,สาธารณรัฐโคโซโว,แอฟริกาใต้,ซิมบับเว,ญี่ปุ่น,ออสเตรเลีย,นิวซีแลนด์,สิงคโปร์,พม่า,ประเทศไทย,ฟิลิปปินส์
